Player,Unnamed: 1,Position
Brenden Aaronson,,Attacking Midfield
Paxten Aaronson,,Attacking Midfield
James Abankwah,,Centre-Back
George Abbott,,"['Series([], Name: TmPos, dtype: object)']"
Yunis Abdelhamid,,Centre-Back
Himad Abdelli,,Attacking Midfield
Salis Abdul Samed,,Defensive Midfield
Laurent Abergel,,Defensive Midfield
Oliver Abildgaard,,Defensive Midfield
Matthis Abline,,Centre-Forward
Abner,,Left-Back
Zakaria Aboukhlal,,Right Winger
Tammy Abraham,,Centre-Forward
Christian Acella,,Central Midfield
Francesco Acerbi,,Centre-Back
Álvaro Aceves,,Goalkeeper
Mohamed Achi,,Central Midfield
Marcos Acuña,,Left-Back
Che Adams,,Centre-Forward
Tyler Adams,,Defensive Midfield
Sargis Adamyan,,Centre-Forward
Tosin Adarabioyo,,Centre-Back
Martin Adeline,,Central Midfield
Karim Adeyemi,,Centre-Forward
Amine Adli,,Right Winger
Yacine Adli,,Attacking Midfield
Michel Aebischer,,Central Midfield
Felix Afena-Gyan,,Centre-Forward
Emmanuel Agbadou,,Centre-Back
Julen Agirrezabala,,Goalkeeper
Lucien Agoume,,Defensive Midfield
Felix Agu,,Right-Back
Álvaro Aguado,,Central Midfield
Kevin Agudelo,,Right Winger
Nayef Aguerd,,Centre-Back
Ruben Aguilar,,Right-Back
Naouirou Ahamada,,Defensive Midfield
Amar Ahmed,,Left Winger
Jean-Eudes Aholou,,Defensive Midfield
Joseph Aidoo,,Centre-Back
Ola Aina,,Right-Back
Rayan Aït Nouri,,Left-Back
Emanuel Aiwum,,Centre-Back
Kristoffer Ajer,,Centre-Back
Ludovic Ajorque,,Centre-Forward
Manuel Akanji,,Centre-Back
Nathan Aké,,Centre-Back
Sergio Akieme,,Left-Back
Babatunde Akinsola,,"['Series([], Name: TmPos, dtype: object)']"
Maghnes Akliouche,,Attacking Midfield
Paul Akouokou,,Defensive Midfield
Jean-Daniel Akpa-Akpro,,Central Midfield
Kevin Akpoguma,,Centre-Back
David Alaba,,Centre-Back
Ángel Alarcón,,Left Winger
Tomás Alarcón,,Defensive Midfield
Lucas Alario,,Centre-Forward
Jordi Alba,,Left-Back
Luis Alberto,,Central Midfield
Raúl Albiol,,Centre-Back
Marc Albrighton,,Right Winger
Thiago Alcántara,,Central Midfield
Carlos Alcaraz,,Central Midfield
Rubén Alcaraz,,Central Midfield
Omar Alderete,,Centre-Back
Iván Alejo,,Right Winger
Doğan Alemdar,,Goalkeeper
Carles Aleñá,,Central Midfield
Trent Alexander-Arnold,,Right-Back
Alejandro Alfaro,,Central Midfield
Ángel Algobia,,Central Midfield
Mohamed Ali Cho,,Centre-Forward
Faride Alidou,,Left Winger
Alisson,,Goalkeeper
Jim Allevinah,,Left Winger
Dele Alli,,Attacking Midfield
Domingos André Ribeiro Almeida,,Central Midfield
Miguel Almirón,,Right Winger
Marcos Alonso,,Left-Back
Mickaël Alphonse,,Right-Back
Éder Álvarez Balanta,,Defensive Midfield
Carlos Álvarez,,"['Series([], Name: TmPos, dtype: object)']"
Gastón Álvarez,,Centre-Back
Julián Álvarez,,Centre-Forward
Agustín Álvarez Martínez,,Centre-Forward
Yeray Álvarez,,Centre-Back
Ibrahim Amadou,,Defensive Midfield
Selim Amallah,,Attacking Midfield
Daniel Amartey,,Centre-Back
Amath,,Left Winger
Jordan Amavi,,Left-Back
Lukáš Ambros,,Attacking Midfield
Kelvin Amian,,Right-Back
Bruno Amione,,Centre-Back
Nadiem Amiri,,Central Midfield
Samuel Amo-Ameyaw,,"['Series([], Name: TmPos, dtype: object)']"
Ethan Ampadu,,Centre-Back
Sofyan Amrabat,,Defensive Midfield
Ayoub Amraoui,,Left-Back
Joachim Andersen,,Centre-Back
Elliot Anderson,,Attacking Midfield
Felipe Anderson,,Right Winger
Benjamin André,,Defensive Midfield
Marcos André,,Centre-Forward
Komnen Andrić,,Centre-Forward
Robert Andrich,,Central Midfield
Angeliño,,Left-Back
Fabrizio Angileri,,Left-Back
Jaidon Anthony,,Left Winger
Janis Antiste,,Centre-Forward
Waldemar Anton,,Centre-Back
Josep Antoni Gayá,,Centre-Back
José Antonio,,Left Winger
Marcos Antônio,,Central Midfield
Michail Antonio,,Centre-Forward
Antony,,Right Winger
Valentin Antov,,Centre-Back
Christopher Antwi-Adjei,,Left Winger
Anuar,,Central Midfield
Houssem Aouar,,Central Midfield
Adil Aouchiche,,Attacking Midfield
Dennis Appiah,,Right-Back
Stredair Appuah,,Left Winger
Mauro Arambarri,,Central Midfield
Charles Aránguiz,,Central Midfield
Ronald Araújo,,Centre-Back
Cameron Archer,,Centre-Forward
Taïryk Arconte,,Right Winger
Alphonse Areola,,Goalkeeper
Adu Ares,,Left Winger
Joe Aribo,,Central Midfield
Adam Armstrong,,Centre-Forward
Stuart Armstrong,,Central Midfield
Marko Arnautović,,Centre-Forward
Maximilian Arnold,,Central Midfield
Mohamed El Arouch,,Central Midfield
Sergio Arribas,,Right Winger
Kepa Arrizabalaga,,Goalkeeper
Roberto Arroyo,,Centre-Forward
Tolgay Arslan,,Central Midfield
Ricard Artero,,Attacking Midfield
Arthur,,Centre-Forward
Santiago Arzamendia,,Left-Back
Takuma Asano,,Right Winger
Santiago Ascacíbar,,Defensive Midfield
Sergio Asenjo,,Goalkeeper
Marco Asensio,,Right Winger
Kristoffer Askildsen,,Central Midfield
Fisnik Asllani,,Centre-Forward
Kristjan Asllani,,Defensive Midfield
Iago Aspas,,Centre-Forward
Lorenz Assignon,,Right-Back
Youcef Atal,,Right-Back
Valentin Atangana Edoa,,Defensive Midfield
Pierre-Emerick Aubameyang,,Centre-Forward
Emil Audero,,Goalkeeper
Tommaso Augello,,Left-Back
Ludwig Augustinsson,,Left-Back
Serge Aurier,,Right-Back
Mathias Autret,,Attacking Midfield
Ezequiel Ávila,,Centre-Forward
Cédric Avinel,,Centre-Back
Taiwo Awoniyi,,Centre-Forward
Yasin Ayari,,Central Midfield
Mehmet Aydin,,Right-Back
André Ayew,,Left Winger
Jordan Ayew,,Centre-Forward
Kaan Ayhan,,Centre-Back
Luke Ayling,,Right-Back
Ayman Azhil,,Central Midfield
Sardar Azmoun,,Centre-Forward
César Azpilicueta,,Right-Back
Sanoussy Ba,,Left-Back
Iddrisu Baba,,Central Midfield
Srđan Babić,,Centre-Back
Loïc Bade,,Centre-Back
Édgar Badía,,Goalkeeper
Benoît Badiashile,,Centre-Back
Alex Baena,,Left Winger
Jaime Báez,,Left Winger
Leon Bailey,,Left Winger
Eric Bailly,,Centre-Back
Dénys Bain,,Centre-Back
Brandon Baiye,,Defensive Midfield
Stefan Bajcetic,,Defensive Midfield
Nedim Bajrami,,Attacking Midfield
Cédric Bakambu,,Centre-Forward
Tiemoué Bakayoko,,Defensive Midfield
Mitchel Bakker,,Left-Back
Ridle Baku,,Right-Back
Tommaso Baldanzi,,Attacking Midfield
Alejandro Balde,,Left-Back
Thierno Balde,,Right-Back
Carlos Baleba,,Central Midfield
Mikel Balenziaga,,Left-Back
Leonardo Balerdi,,Centre-Back
Dominic Ballard,,"['Series([], Name: TmPos, dtype: object)']"
Iván Balliu,,Right-Back
Fodé Ballo-Touré,,Left-Back
Folarin Balogun,,Centre-Forward
Abdoulaye Bamba,,Right-Back
Jonathan Bamba,,Left Winger
Patrick Bamford,,Centre-Forward
Lameck Banda,,Left Winger
Filippo Bandinelli,,Central Midfield
Léo Baptistão,,Centre-Forward
Shandon Baptiste,,Central Midfield
Antonín Barák,,Attacking Midfield
Andrea Barberis,,Defensive Midfield
Tommaso Barbieri,,Right-Back
Bradley Barcola,,Left Winger
Melvin Bard,,Left-Back
Francesco Bardi,,Goalkeeper
Keidi Bare,,Central Midfield
Nicolò Barella,,Central Midfield
Kike Barja,,Right Winger
Ross Barkley,,Central Midfield
Aymen Barkok,,Central Midfield
Harvey Barnes,,Left Winger
Leandro Barreiro Martins,,Central Midfield
Enzo Barrenechea,,Defensive Midfield
Ander Barrenetxea,,Left Winger
Mickaël Barreto,,Attacking Midfield
Pablo Barrios,,Central Midfield
Musa Barrow,,Left Winger
Federico Baschirotto,,Centre-Back
Toma Bašić,,Central Midfield
Alberto Basso,,Centre-Forward
Gil Bastião Dias,,Left-Back
Alessandro Bastoni,,Centre-Back
Simone Bastoni,,Central Midfield
Rodrigo Battaglia,,Defensive Midfield
Maximilian Bauer,,Centre-Back
Oliver Baumann,,Goalkeeper
Timo Baumgartl,,Centre-Back
Julian Baumgartlinger,,Defensive Midfield
Christoph Baumgartner,,Attacking Midfield
Cyrille Bayala,,Right Winger
Brian Bayeye,,Right-Back
Noah Joel Sarenren Bazee,,Right Winger
Gavin Bazunu,,Goalkeeper
Bebé,,Left Winger
Ihlas Bebou,,Centre-Forward
Rodrigo Becão,,Centre-Back
Mads Bech Sørensen,,Centre-Back
Julius Beck,,Central Midfield
Sheraldo Becker,,Second Striker
Jan Bednarek,,Centre-Back
Donny van de Beek,,Central Midfield
Asmir Begović,,Goalkeeper
Yanis Begraoui,,Centre-Forward
Kevin Behrens,,Centre-Forward
Alexis Beka Beka,,Defensive Midfield
Jérémie Bela,,Left Winger
Reda Belahyane,,Defensive Midfield
Youcef Belaïli,,Left Winger
Haris Belkebla,,Central Midfield
Stefan Bell,,Centre-Back
Armel Bella Kotchap,,Centre-Back
Raoul Bellanova,,Right-Back
Karim Bellarabi,,Right Winger
Jean-Ricner Bellegarde,,Central Midfield
Héctor Bellerín,,Right-Back
Jude Bellingham,,Central Midfield
Jeanöel Belocian,,Centre-Back
Andrea Belotti,,Centre-Forward
Fran Beltrán,,Central Midfield
Eliesse Ben Seghir,,Attacking Midfield
Salim Ben Seghir,,Left Winger
Wissam Ben Yedder,,Centre-Forward
Marco Benassi,,Central Midfield
Iker Benito,,Right Winger
Ismaël Bennacer,,Defensive Midfield
Saïd Benrahma,,Left Winger
Ramy Bensebaini,,Left-Back
Nabil Bentaleb,,Central Midfield
Rodrigo Bentancur,,Central Midfield
Daniel Bentley,,Goalkeeper
Karim Benzema,,Centre-Forward
Domenico Berardi,,Right Winger
Yuri Berchiche,,Left-Back
Álex Berenguer,,Right Winger
Bartosz Bereszyński,,Right-Back
Patrick Berg,,Defensive Midfield
Mitchell van Bergen,,Left Winger
Mergim Berisha,,Centre-Forward
Quentin Bernard,,Left-Back
Paul Bernardoni,,Goalkeeper
Juan Bernat,,Left-Back
Victor Bernth Kristiansen,,Left-Back
Jason Berthomier,,Attacking Midfield
Marco Bertini,,Defensive Midfield
Beto,,Centre-Forward
Owen Bevan,,Centre-Back
Matteo Bianchetti,,Centre-Back
Alessandro Bianco,,Central Midfield
Giulian Biancone,,Right-Back
Ermin Bičakčić,,Centre-Back
Pedro Bigas,,Centre-Back
Jaka Bijol,,Centre-Back
El Bilal Touré,,Centre-Forward
Philip Billing,,Central Midfield
Jean-Claude Billong,,Centre-Back
Cristiano Biraghi,,Left-Back
Samuele Birindelli,,Right-Back
Veljko Birmančević,,Left Winger
Tom Bischof,,Attacking Midfield
Yves Bissouma,,Central Midfield
Kristijan Bistrović,,Central Midfield
Leonardo Bittencourt,,Attacking Midfield
Marco Bizot,,Goalkeeper
Lautaro Blanco,,Left-Back
Rubén Blanco,,Goalkeeper
Ludovic Blas,,Attacking Midfield
Janis Blaswich,,Goalkeeper
Miha Blažič,,Centre-Back
Joaquín Blázquez,,Goalkeeper
Alexis Blin,,Defensive Midfield
Daley Blind,,Centre-Back
Myron Boadu,,Centre-Forward
Jérôme Boateng,,Centre-Back
Kevin-Prince Boateng,,Attacking Midfield
Antonin Bobichon,,Central Midfield
Jean-Paul Boëtius,,Attacking Midfield
Jeremie Boga,,Left Winger
Emil Bohinen,,Central Midfield
Quentin Boisgard,,Attacking Midfield
Willy Boly,,Centre-Back
Giacomo Bonaventura,,Central Midfield
Federico Bonazzoli,,Centre-Forward
Warren Bondo,,Central Midfield
Theo Bongonda,,Right Winger
Kevin Bonifazi,,Centre-Back
Leonardo Bonucci,,Centre-Back
Neto Borges,,Left-Back
Yvandro Borges Sanches,,Left Winger
Sebastiaan Bornauw,,Centre-Back
Rafael Borré,,Centre-Forward
Erik Botheim,,Centre-Forward
Sven Botman,,Centre-Back
Kenji-Van Boto,,Left-Back
Kouamé Botué,,Left Winger
Badredine Bouanani,,Right Winger
Hicham Boudaoui,,Right Midfield
Franci Bouebari,,Centre-Back
Sofiane Boufal,,Left Winger
Yassine Bounou,,Goalkeeper
Ismaëlben Boura,,Left-Back
Mehdi Bourabia,,Central Midfield
Benjamin Bourigeaud,,Central Midfield
Edoardo Bove,,Central Midfield
Jarrod Bowen,,Right Winger
Lucas Boyé,,Centre-Forward
Jayden Braaf,,Left Winger
Domagoj Bradarić,,Left-Back
Bilal Brahimi,,Right Winger
Martin Braithwaite,,Centre-Forward
Juan Brandáriz,,Centre-Back
Julian Brandt,,Attacking Midfield
Darko Brašanac,,Central Midfield
Lilian Brassier,,Centre-Back
Claudio Bravo,,Goalkeeper
Fabian Bredlow,,Goalkeeper
James Bree,,Right-Back
Josip Brekalo,,Left Winger
Gleison Bremer,,Centre-Back
Armando Broja,,Centre-Forward
Dylan Bronn,,Centre-Back
David Brooks,,Right Winger
John Brooks,,Centre-Back
Moritz Broschinski,,Centre-Forward
Marcelo Brozović,,Defensive Midfield
Cédric Brunner,,Right-Back
Lewis Brunt,,Centre-Back
Jacob Bruun Larsen,,Left Winger
Andreas Bruus,,Right-Back
Joe Bryan,,Left-Back
Lee Buchanan,,Left-Back
Ante Budimir,,Centre-Forward
Emi Buendía,,Right Winger
Hugo Bueno,,Left-Back
Santiago Bueno,,Centre-Back
Adam Buksa,,Centre-Forward
Marius Bülter,,Second Striker
Cristian Buonaiuto,,Left Winger
Facundo Buonanotte,,Attacking Midfield
Alessandro Buongiorno,,Centre-Back
Delano Burgzorg,,Left Winger
Jonathan Burkardt,,Centre-Forward
Oliver Burke,,Centre-Forward
Dan Burn,,Centre-Back
Maxime Busi,,Right-Back
Sergio Busquets,,Defensive Midfield
Aurélio Buta,,Right-Back
Leonardo Buta,,Left-Back
Marcin Bułka,,Goalkeeper
Jamie Bynoe-Gittens,,Right Winger
Juan Cabal,,Centre-Back
Rémy Cabella,,Attacking Midfield
Jimmy Cabot,,Right WingBack
Leandro Cabrera,,Centre-Back
Liberato Cacace,,Left-Back
Anthony Caci,,Left-Back
Cafú,,Central Midfield
Moisés Caicedo,,Central Midfield
Tom Cairney,,Central Midfield
Jens Cajuste,,Defensive Midfield
Cala,,Centre-Back
Davide Calabria,,Right-Back
Mattia Caldara,,Centre-Back
Luca Caldirola,,Centre-Back
Fernando Calero,,Centre-Back
Duje Ćaleta-Car,,Centre-Back
Hakan Çalhanoğlu,,Central Midfield
Kerim Calhanoglu,,Left-Back
Daniel Caligiuri,,Right Winger
Alexander Callens,,Centre-Back
Dominic Calvert-Lewin,,Centre-Forward
Mahdi Camara,,Central Midfield
Mohamed Camara,,Defensive Midfield
Ousmane Camara,,   Centre-Back
Eduardo Camavinga,,Central Midfield
Nicolò Cambiaghi,,Left Winger
Andrea Cambiaso,,Left-Back
Axel Camblan,,Attacking Midfield
Sergio Camello,,Centre-Forward
Chem Campbell,,Attacking Midfield
Emre Can,,Defensive Midfield
Sergio Canales,,Attacking Midfield
Matteo Cancellieri,,Right Winger
João Cancelo,,Right-Back
Antonio Candreva,,Right WingBack
Thomas Cannon,,Centre-Forward
Sergi Canós,,Right Winger
Ander Capa,,Right-Back
Pierrick Capelle,,Left WingBack
Étienne Capoue,,Defensive Midfield
Gianluca Caprari,,Second Striker
Francesco Caputo,,Centre-Forward
Maxence Caqueret,,Central Midfield
Andrea Carboni,,Centre-Back
Franco Carboni,,Left WingBack
Valentin Carboni,,Attacking Midfield
Isaac Carcelen,,Right-Back
Irvin Cardona,,Centre-Forward
Igor Carioca,,Right-Back
Carlos,,   Left-Back
Diego Carlos,,Centre-Back
Juan Carlos,,Attacking Midfield
José Carlos Lazo,,Left Winger
Carmona,,Right-Back
Marco Carnesecchi,,Goalkeeper
Yannick Carrasco,,Left Winger
Dani Carvajal,,Right-Back
Fabio Carvalho,,Attacking Midfield
Matis Carvalho,,Goalkeeper
William Carvalho,,Defensive Midfield
Nicolò Casale,,Centre-Back
Casemiro,,Defensive Midfield
Matty Cash,,Right-Back
Tommaso Cassandro,,Right-Back
Timothy Castagne,,Right-Back
Michele Castagnetti,,Defensive Midfield
Koen Casteels,,Goalkeeper
Valentín Castellanos,,Centre-Forward
Jean-Charles Castelletto,,Centre-Back
Samu Castillejo,,Right Winger
Jonny Castro,,Left-Back
Gaetano Castrovilli,,Central Midfield
Danilo Cataldi,,Defensive Midfield
Catena,,Centre-Back
Yoann Cathline,,Left Winger
Maximiliano Caufriez,,Centre-Back
Edinson Cavani,,Centre-Forward
Dani Ceballos,,Central Midfield
Pietro Ceccaroni,,Centre-Back
Federico Ceccherini,,Centre-Back
Assan Ceesay,,Centre-Forward
Emil Ceide,,Left Winger
Zeki Çelik,,Right-Back
Álex Centelles,,Left-Back
Fabien Centonze,,Right-Back
Michele Cerofolini,,Goalkeeper
Franco Cervi,,Left Winger
Julio César Enciso,,Centre-Forward
Julian Chabot,,Goalkeeper
Florian Chabrolle,,Centre-Back
El Chadaille Bitshiabu,,Attacking Midfield
Fares Chaïbi,,Centre-Back
Nathaniel Chalobah,,Central Midfield
Trevoh Chalobah,,Defensive Midfield
Muhammed Cham,,Centre-Back
Calum Chambers,,Centre-Back
Timothy Chandler,,Right-Back
Gaëtan Charbonnier,,Centre-Forward
Brendan Chardonnet,,Centre-Back
Shea Charles,,"['Series([], Name: TmPos, dtype: object)']"
Xavier Chavalerin,,Central Midfield
Pep Chavarría,,Left-Back
Ivane Chegra,,Right Winger
Pape Cheikh Diop,,Centre-Back
Rayan Cherki,,Right Winger
Ilyes Cheti,,Left-Back
Lucas Chevalier,,Goalkeeper
Fabio Chiarodia,,Centre-Back
Federico Chiesa,,Right Winger
Ben Chilwell,,Left-Back
Vlad Chiricheș,,Centre-Back
Pedro Chirivella,,Defensive Midfield
Joris Chotard,,Defensive Midfield
Andreas Christensen,,Centre-Back
Oliver Christensen,,Goalkeeper
Ryan Christie,,Attacking Midfield
Carney Chukwuemeka,,Central Midfield
Samuel Chukwueze,,Right Winger
Darko Churlinov,,Left Winger
Víctor Chust,,Centre-Back
Tolga Ciğerci,,Defensive Midfield
Yanis Cimignani,,Left WingBack
Daniel Ciofani,,Centre-Forward
Tio Cipot,,Central Midfield
Pathé Ciss,,Central Midfield
Souleymane Cissé,,Centre-Back
Patrick Ciurria,,Right Winger
Bobby Clark,,Central Midfield
Alexis Claude-Maurice,,Attacking Midfield
Jonathan Clauss,,Right-Back
Carlos Clerc,,Left-Back
Nathaniel Clyne,,Right-Back
Conor Coady,,Centre-Back
Nicolò Cocetta,,"['Series([], Name: TmPos, dtype: object)']"
Marcus Coco,,Right Winger
Alexandre Coeff,,Centre-Back
Jack Colback,,Defensive Midfield
Séamus Coleman,,Right-Back
David Čolina,,Left-Back
Álex Collado,,Attacking Midfield
Diego Collado,,Left Winger
Omar Colley,,Centre-Back
Nathan Collins,,Centre-Back
Lorenzo Colombo,,Centre-Forward
Andrea Colpani,,Central Midfield
Levi Colwill,,Centre-Back
Kingsley Coman,,Right Winger
Eray Cömert,,Centre-Back
Santi Comesaña,,Central Midfield
Andrea Consigli,,Goalkeeper
Abdu Conté,,Left-Back
Andrea Conti,,Right-Back
Lewis Cook,,Central Midfield
Steve Cook,,Centre-Back
Liam Cooper,,Centre-Back
Copete,,Centre-Back
Diego Coppola,,Centre-Back
Francis Coquelin,,Defensive Midfield
Sébastien Corchia,,Right-Back
Alex Cordaz,,Goalkeeper
Maxwel Cornet,,Left Winger
Jesús Corona,,Right Winger
Ángel Correa,,Second Striker
Joaquín Correa,,Second Striker
Thierry Correia,,Right-Back
Alessandro Cortinovis,,Attacking Midfield
Danny da Costa,,Right-Back
David Pereira da Costa,,Attacking Midfield
Diego Costa,,Centre-Forward
Jaume Costa,,Left-Back
Logan Costa,,Centre-Back
Nuno da Costa,,Centre-Forward
Samu Costa,,Defensive Midfield
Benoît Costil,,Goalkeeper
Vladimír Coufal,,Right-Back
Lassana Coulibaly,,Central Midfield
Soumaïla Coulibaly,,Centre-Back
Tanguy Coulibaly,,Left Winger
Thibaut Courtois,,Goalkeeper
Mathieu Coutadeur,,Central Midfield
Philippe Coutinho,,Left Winger
Yan Couto,,Right-Back
Conor Coventry,,Defensive Midfield
Nicolas Cozza,,Left-Back
Alessio Cragno,,Goalkeeper
Matthew Craig,,"['Series([], Name: TmPos, dtype: object)']"
Aaron Cresswell,,Left-Back
Bryan Cristante,,Defensive Midfield
Domen Črnigoj,,"['Series([], Name: TmPos, dtype: object)']"
Juan Cruz Armada,,Left-Back
Juan Cruz,,Right Winger
Juan Cuadrado,,Right-Back
Marc Cucurella,,Left-Back
Jorge Cuenca,,Centre-Back
Braian Cufré,,Left-Back
Mickaël Cuisance,,Central Midfield
Matheus Cunha,,Centre-Forward
Curro,,Right Winger
Marco D'Alessandro,,Right Winger
Danilo D'Ambrosio,,Centre-Back
Luca D'Andrea,,Right Winger
Damien Da Silva,,Centre-Back
Moanes Dabbur,,Centre-Forward
Andréa Dacourt,,"['Series([], Name: TmPos, dtype: object)']"
Colin Dagba,,Right-Back
Finn Dahmen,,Goalkeeper
Mahmoud Dahoud,,Central Midfield
Patson Daka,,Centre-Forward
Thijs Dallinga,,Centre-Forward
Diogo Dalot,,Right-Back
Muhammed Damar,,Attacking Midfield
Mikkel Damsgaard,,Left Winger
Flavius Daniliuc,,Centre-Back
Danilo,,Right-Back
Arnaut Danjuma,,Left Winger
Kévin Danois,,Attacking Midfield
Kevin Danso,,Centre-Back
Dante,,Centre-Back
Márton Dárdai,,Centre-Back
Sergi Darder,,Central Midfield
Achraf Dari,,Centre-Back
Vladimír Darida,,Central Midfield
Matteo Darmian,,Right-Back
Josh Dasilva,,Defensive Midfield
Jonathan David,,Centre-Forward
Alphonso Davies,,Left-Back
Ben Davies,,Left-Back
Tom Davies,,Central Midfield
Paweł Dawidowicz,,Centre-Back
Craig Dawson,,Centre-Back
Kevin De Bruyne,,Attacking Midfield
Charles De Ketelaere,,Attacking Midfield
Manuel De Luca,,Centre-Forward
Tommaso De Nipoti,,Second Striker
Rodrigo De Paul,,Central Midfield
Mattia De Sciglio,,Right-Back
Lorenzo De Silvestri,,Right-Back
Thibault De Smet,,Left-Back
Koni De Winter,,Centre-Back
Grégoire Defrel,,Centre-Forward
Duccio Degl'Innocenti,,Defensive Midfield
Brecht Dejaegere,,Central Midfield
Romain Del Castillo,,Right Winger
Alberto Del Moral,,Central Midfield
Thomas Delaine,,Left-Back
Thomas Delaney,,Defensive Midfield
Sacha Delaye,,Central Midfield
Fran Delgado,,Right-Back
Andy Delort,,Centre-Forward
Karamoko Dembele,,Right Winger
Moussa Dembélé,,Centre-Forward
Ousmane Dembélé,,Right Winger
Siriki Dembélé,,Left Winger
Merih Demiral,,Centre-Back
Kerem Demirbay,,Central Midfield
Ermedin Demirović,,Centre-Forward
Diego Demme,,Defensive Midfield
Sepp van den Berg,,Centre-Back
Branco van den Boomen,,Central Midfield
Leander Dendoncker,,Defensive Midfield
Emmanuel Dennis,,Centre-Forward
Fabio Depaoli,,Right-Back
Kastriot Dermaku,,Centre-Back
Halil Dervişoğlu,,Centre-Forward
Rémy Descamps,,Goalkeeper
Mikkel Desler,,Right-Back
Cyriel Dessers,,Centre-Forward
Sergiño Dest,,Right-Back
Mattia Destro,,Centre-Forward
Gerard Deulofeu,,Centre-Forward
Kiernan Dewsbury-Hall,,Central Midfield
Samuel Di Carmine,,Centre-Forward
Federico Di Francesco,,Left Winger
Michele Di Gregorio,,Goalkeeper
Giovanni Di Lorenzo,,Right-Back
Ángel Di María,,Right Winger
Boulaye Dia,,Centre-Forward
Moussa Diaby,,Left Winger
Mouctar Diakhaby,,Centre-Back
Mamadou Diakhon,,"['Series([], Name: TmPos, dtype: object)']"
Bafodé Diakité,,Centre-Back
Ibrahim Diakité,,Right-Back
Abdou Diallo,,Centre-Back
Baila Diallo,,Left-Back
Habib Diallo,,Centre-Forward
Ibrahima Diallo,,Defensive Midfield
Ismael Diallo,,Left-Back
Mamady Diarra,,Left Winger
Mouhamadou Diarra,,Defensive Midfield
Moussa Diarra,,Left-Back
Stéphane Diarra,,Right Winger
Youba Diarra,,Central Midfield
Rúben Dias,,Centre-Back
Krépin Diatta,,"['Series([], Name: TmPos, dtype: object)']"
Mory Diaw,,Goalkeeper
Brahim Díaz,,Attacking Midfield
Luis Díaz,,   Left Winger
Justin Diehl,,Second Striker
Bamba Dieng,,Centre-Forward
Eric Dier,,Centre-Back
Florian Dietz,,Centre-Forward
Lucas Digne,,Left-Back
Federico Dimarco,,Centre-Back
Stole Dimitrievski,,Goalkeeper
Junior Dina Ebimbe,,Central Midfield
Tristan Dingomé,,Central Midfield
Eren Dinkçi,,Right Winger
Sinaly Diomande,,Centre-Back
Lois Diony,,Centre-Forward
Edan Diop,,Central Midfield
Issa Diop,,Centre-Back
Sofiane Diop,,Left Winger
Yehvann Diouf,,Goalkeeper
Axel Disasi,,Centre-Back
Tiago Djaló,,Centre-Back
Djené,,Centre-Back
Moussa Djenepo,,Left Winger
Koffi Djidji,,Centre-Back
Alexander Djiku,,Centre-Back
Berat Djimsiti,,Centre-Back
Moussa Djitte,,Centre-Forward
Ouparine Djoco,,Goalkeeper
Marko Dmitrović,,Goalkeeper
Alan Do Marcolino,,Centre-Forward
Ben Doak,,Right Winger
Ritsu Doan,,Right Winger
Dodô,,Left-Back
Danilho Doekhi,,Centre-Back
Matt Doherty,,Right-Back
Josh Doig,,Left-Back
Jeremy Doku,,Right Winger
Kasper Dolberg,,Centre-Forward
Carlos Dominguez,,Centre-Back
Nicolás Domínguez,,Central Midfield
John Donald,,Defensive Midfield
Giulio Donati,,Right-Back
Kyliane Dong,,attack
Jordan Dongmo,,Central Midfield
Gianluigi Donnarumma,,Goalkeeper
Niklas Dorsch,,Defensive Midfield
Gabriel Dos Santos,,Centre-Back
Jodel Dossou,,Right Winger
Lohann Doucet,,Defensive Midfield
Abdoulaye Doucouré,,Central Midfield
Cheick Doucouré,,Defensive Midfield
Ckene Doucouré,,Centre-Forward
Désiré Doué,,Attacking Midfield
Guela Doué,,Right-Back
Ismaël Doukouré,,Centre-Back
Kamory Doumbia,,
Souleyman Doumbia,,Left-Back
Flynn Downes,,Central Midfield
Kami Doyle,,"['Series([], Name: TmPos, dtype: object)']"
Bartłomiej Drągowski,,Goalkeeper
Cody Drameh,,Right-Back
Dion Drena Beljo,,Centre-Forward
Dominick Drexler,,Attacking Midfield
Domingos Duarte,,Centre-Back
Martin Dúbravka,,Goalkeeper
Marvin Ducksch,,Centre-Forward
Ondrej Duda,,Attacking Midfield
Shane Duffy,,Centre-Back
Rémy Dugimont,,Left Winger
Denzel Dumfries,,Right WingBack
Alfred Duncan,,Central Midfield
Lewis Dunk,,Centre-Back
Maxime Dupé,,Goalkeeper
Jhon Durán,,Centre-Forward
Pablo Durán,,Centre-Forward
Julien Duranville,,"['Series([], Name: TmPos, dtype: object)']"
Hugo Duro,,Centre-Forward
Jean-Kevin Duverne,,Centre-Back
Paulo Dybala,,Second Striker
Edin Džeko,,Centre-Forward
Malcolm Ebiowei,,Right Winger
Festy Ebosele,,Right-Back
Enzo Ebosse,,Left-Back
Tyronne Ebuehi,,Right-Back
Ederson,,Goalkeeper
Éderson,,Central Midfield
Odsonne Édouard,,Centre-Forward
Samuel Edozie,,Left Winger
Maximilian Eggestein,,Central Midfield
Lilian Egloff,,Attacking Midfield
Íñigo Eguaras,,Defensive Midfield
Kingsley Ehizibue,,Right-Back
Julian Eitschberger,,Right-Back
Chidera Ejuke,,Left Winger
Albin Ekdal,,Defensive Midfield
Hugo Ekitike,,Centre-Forward
Emmanuel Ekong,,Centre-Forward
Anthony Elanga,,Left Winger
Alberth Elis,,Right Winger
Mikael Ellertsson,,Central Midfield
Harvey Elliott,,Right Winger
Elif Elmas,,Attacking Midfield
Mohamed Elneny,,Defensive Midfield
Aritz Elustondo,,Centre-Back
Nico Elvedi,,Centre-Back
Rodrigo Ely,,Centre-Back
Mohamed Elyounoussi,,Left Winger
Adri Embarba,,Right Winger
Breel Embolo,,Centre-Forward
Emerson,,Right-Back
Youssef En-Nesyri,,Centre-Forward
Wataru Endo,,Defensive Midfield
Arne Engels,,Central Midfield
Christian Eriksen,,Attacking Midfield
Martin Erlic,,Centre-Back
Tjark Ernst,,"['Series([], Name: TmPos, dtype: object)']"
Gonzalo Escalante,,Central Midfield
Sergio Escudero,,Left-Back
Alfonso Espino,,Left-Back
Bernardo Espinosa,,Centre-Back
Salvatore Esposito,,Defensive Midfield
Maxime Estève,,Centre-Back
Pervis Estupiñán,,Left-Back
Jonny Evans,,Centre-Back
Edu Expósito,,Central Midfield
Eberechi Eze,,Attacking Midfield
Kimberly Ezekwem,,Left-Back
Nicolás Ezequiel Fernández,,Left-Back
Abdessamad Ezzalzouli,,Left Winger
Łukasz Fabiański,,Goalkeeper
Fabinho,,Defensive Midfield
Fábio,,Right-Back
Noah Fadiga,,Right-Back
Wout Faes,,Centre-Back
Nicolò Fagioli,,Central Midfield
Ralf Fährmann,,Goalkeeper
Romain Faivre,,Right Winger
Radamel Falcao,,Centre-Forward
Wladimiro Falcone,,Goalkeeper
Fali,,Centre-Back
Fallou Fall,,"['Series([], Name: TmPos, dtype: object)']"
Mamadou Fall,,Centre-Back
Davide Faraoni,,Right-Back
Ansu Fati,,Left Winger
Khalil Fayad,,Central Midfield
Cheikh Faye,,Right-Back
Federico Fazio,,Centre-Back
Jacopo Fazzini,,Central Midfield
Zouhair Feddal,,Centre-Back
Nabil Fekir,,Attacking Midfield
Felipe,,Centre-Back
Luiz Felipe,,Centre-Back
João Félix,,Second Striker
Ohis Felix Uduokhai,,Centre-Back
Kiko Femenía,,Right-Back
Evan Ferguson,,Centre-Forward
Lewis Ferguson,,Central Midfield
Bruno Fernandes,,Attacking Midfield
Edimilson Fernandes,,Central Midfield
Aitor Fernández,,Goalkeeper
Álex Fernández,,Attacking Midfield
Álvaro Fernández,,Goalkeeper
Carlos Fernández,,Centre-Forward
Enzo Fernández,,Central Midfield
Federico Fernández,,Centre-Back
Joaquín Fernández,,Centre-Back
Valery Fernández,,Right-Back
Fernando,,Defensive Midfield
Alex Ferrari,,Centre-Back
Salvador Ferrer,,Right-Back
Jordan Ferri,,Central Midfield
Fidel,,Left Winger
Karol Fila,,Right-Back
Vincenzo Fiorillo,,Goalkeeper
Roberto Firmino,,Centre-Forward
Junior Firpo,,Left-Back
Kilian Fischer,,Right-Back
Mark Flekken,,Goalkeeper
Florian Flick,,Defensive Midfield
Alexis Flips,,Right Winger
Alessandro Florenzi,,Right-Back
Phil Foden,,Central Midfield
Seko Fofana,,Central Midfield
Wesley Fofana,,Centre-Back
Yahia Fofana,,Goalkeeper
Youssouf Fofana,,Central Midfield
Thomas Foket,,Right-Back
José Fonte,,Centre-Back
Pablo Fornals,,Attacking Midfield
Emil Forsberg,,Left Winger
Adam Forshaw,,Central Midfield
Fraser Forster,,Goalkeeper
Philipp Förster,,Attacking Midfield
Steven Fortes,,Centre-Back
Timothy Fosu-Mensah,,Right-Back
Dimitri Foulquier,,Right-Back
Juan Foyth,,Right-Back
Raphael Framberger,,Right-Back
Tyrese Francois,,Central Midfield
Bartol Franjić,,Defensive Midfield
Przemysław Frankowski,,Left WingBack
Ryan Fraser,,Left Winger
Davide Frattesi,,Central Midfield
Oscar Fraulo,,Central Midfield
Fred,,Central Midfield
Ryan Fredericks,,Right-Back
Iván Fresneda,,Right-Back
Remo Freuler,,Central Midfield
Michael Frey,,Centre-Forward
Marco Friedl,,Centre-Back
Marvin Friedrich,,Centre-Back
Jeremie Frimpong,,Right-Back
Chris Führich,,Right Winger
Angelo Fulgini,,Attacking Midfield
Niclas Füllkrug,,Centre-Forward
Matteo Gabbia,,Centre-Back
Manolo Gabbiadini,,Centre-Forward
Gianluca Gaetano,,Attacking Midfield
Roberto Gagliardini,,Central Midfield
Adolfo Gaich,,Centre-Forward
Cody Gakpo,,Left Winger
Javi Galán,,Left-Back
Iñigo Ruiz de Galarreta,,Central Midfield
Pablo Galdames Millán,,Defensive Midfield
Conor Gallagher,,Central Midfield
Antonino Gallo,,Left-Back
Gauthier Gallon,,Goalkeeper
Cristian Gamboa,,Right-Back
Kévin Gameiro,,Centre-Forward
Idrissa Gana Gueye,,Central Midfield
Ignatius Ganago,,Centre-Forward
Silvère Ganvoula M'Boussy,,Centre-Forward
Aleix García,,Central Midfield
Álvaro García,,Left Winger
Borja García,,Attacking Midfield
Carlos García,,Centre-Back
Dani García,,Central Midfield
David García,,Centre-Back
Eric García,,Centre-Back
Fran Garcia,,Left-Back
Joan García,,Goalkeeper
Raúl García,,Centre-Forward
Rubén García,, Right-Back
Unai García,,Centre-Back
Alejandro Garnacho,,Left Winger
James Garner,,Defensive Midfield
Felix Garreta,,Centre-Back
Aleix Garrido,,Central Midfield
Sékou Gassama,,Centre-Forward
Johan Gastien,,Defensive Midfield
Federico Gatti,,Centre-Back
Gavi,,Central Midfield
Paulo Gazzaniga,,Goalkeeper
David de Gea,,Goalkeeper
Dario Gebuhr,,Centre-Back
Dennis Geiger,,Central Midfield
Joe Gelhardt,,Centre-Forward
Valentin Gendrey,,Right-Back
Denis Genreau,,Attacking Midfield
Yannick Gerhardt,,Central Midfield
Valère Germain,,Centre-Forward
Gerson,,Central Midfield
Ismaël Gharbi,,Attacking Midfield
Paolo Ghiglione,,Right WingBack
Saman Ghoddos,,Attacking Midfield
Faouzi Ghoulam,,Left-Back
Morgan Gibbs-White,,Attacking Midfield
Niko Gießelmann,,Left-Back
Samuel Gigot,,Centre-Back
Rafał Gikiewicz,,Goalkeeper
Bryan Gil,,Left Winger
David Gil,,Goalkeeper
Óscar Gil,,Right-Back
Mario Gila,,Centre-Back
Billy Gilmour,,Central Midfield
Álvaro Giménez,,Centre-Forward
Gvidas Gineitis,,Central Midfield
Matthias Ginter,,Centre-Back
Andrei Girotto,,Centre-Back
Olivier Giroud,,Centre-Forward
Serge Gnabry,,Right Winger
Degnand Gnonto,,Left Winger
Ben Godfrey,,Centre-Back
Pierluigi Gollini,,Goalkeeper
Aleksandr Golovin,,Attacking Midfield
André Gomes,,Central Midfield
Angel Gomes,,Attacking Midfield
João Gomes,,Defensive Midfield
Toti Gomes,,Centre-Back
Dani Gómez,,Centre-Forward
Joe Gomez,,Centre-Back
Maxi Gómez,,Centre-Forward
Moi Gómez,,Left Winger
Papu Gómez,,Attacking Midfield
Sergi Gómez,,Centre-Back
Sergio Gómez,,Left-Back
Antonio Gomis,,"['Series([], Name: TmPos, dtype: object)']"
Maxime Gonalons,,Defensive Midfield
Diego González,,Centre-Back
Édgar González,,Centre-Back
Giovanni González,,Right-Back
Joan Gonzàlez,,Central Midfield
Nicolás González,,Left Winger
Nicolás González,,Central Midfield
Oumar Gonzalez,,Centre-Back
Roberto González,,Right Winger
Jacek Góralski,,Defensive Midfield
Anthony Gordon,,Left Winger
Leon Goretzka,,Central Midfield
Andoni Gorosabel,,Right-Back
Robin Gosens,,Left WingBack
Mario Götze,,Attacking Midfield
Amine Gouiri,,Centre-Forward
Jeffrey Gouweleeuw,,Centre-Back
Jonathan Gradit,,Centre-Back
José Gragera,,Central Midfield
Alberto Grassi,,Central Midfield
Ryan Gravenberch,,Central Midfield
Andrew Gravillon,,Centre-Back
Demarai Gray,,Left Winger
Adrian Grbić,,Centre-Forward
Ivo Grbić,,Goalkeeper
Jack Grealish,,Left Winger
Sam Greenwood,,Centre-Forward
Michael Gregoritsch,,Centre-Forward
Dominik Greif,,Goalkeeper
Leo Greiml,,Centre-Back
Clément Grenier,,Central Midfield
Antoine Griezmann,,Second Striker
Vincenzo Grifo,,Left Winger
Lennart Grill,,Goalkeeper
Christian Groß,,Defensive Midfield
Pascal Groß,,Central Midfield
Brajan Gruda,,Right Winger
Ilia Gruev,,Defensive Midfield
Carlos Gruezo,,Defensive Midfield
Vicente Guaita,,Goalkeeper
Andrés Guardado,,Central Midfield
Sergi Guardiola,,Centre-Forward
Nemanja Gudelj,,Defensive Midfield
Gabriel Gudmundsson,,Left-Back
Gonçalo Guedes,,Left Winger
Axel Gueguin,,Right Winger
Marc Guéhi,,Centre-Back
Mattéo Guendouzi,,Central Midfield
Javier Guerra,,Central Midfield
Raphaël Guerreiro,,Left-Back
Axel Guessand,,"['Series([], Name: TmPos, dtype: object)']"
Evann Guessand,,Centre-Forward
Ander Guevara,,Central Midfield
Pape Gueye,,Defensive Midfield
Josuha Guilavogui,,Defensive Midfield
Frederic Guilbert,,Right-Back
Bruno Guimarães,,Defensive Midfield
Serhou Guirassy,,Centre-Forward
Rafik Guitane,,Attacking Midfield
Péter Gulácsi,,Goalkeeper
Manuel Gulde,,Centre-Back
Gerard Gumbau,,Defensive Midfield
Robert Gumny,,Right-Back
İlkay Gündoğan,,Central Midfield
Christian Günter,,Left-Back
Koray Günter,,Centre-Back
Gorka Guruzeta,,Centre-Forward
Malo Gusto,,Right-Back
Raúl Guti,,Central Midfield
Miguel Gutiérrez,,Left-Back
Joško Gvardiol,,Centre-Back
Darko Gyabi,,Central Midfield
Emmanuel Gyasi,,Left Winger
Norbert Gyömbér,,Centre-Back
Christian Gytkjær,,Centre-Forward
Erling Haaland,,Centre-Forward
Nicolas Haas,,Central Midfield
Janik Haberer,,Central Midfield
Alexander Hack,,Centre-Back
Munir El Haddadi,,Centre-Forward
Jaouen Hadjam,,Left-Back
Dennis Hadzikadunic,,Centre-Back
André Hahn,,Right Winger
Amadou Haidara,,Central Midfield
Massadio Haïdara,,Left-Back
Achraf Hakimi,,Right-Back
Lewis Hall,,Left-Back
Sébastien Haller,,Centre-Forward
Marcel Halstenberg,,Left-Back
Mathis Hamdi,,Left-Back
Ben Hamed Touré,,Centre-Forward
Romain Hamouma,,Centre-Forward
Saïd Hamulic,,Centre-Forward
Andreas Hanche-Olsen,,Centre-Back
Samir Handanović,,Goalkeeper
Genki Haraguchi,,Attacking Midfield
Amine Harit,,Attacking Midfield
Luke Harris,,Attacking Midfield
Jack Harrison,,Left Winger
Abdou Harroui,,Central Midfield
Makoto Hasebe,,Defensive Midfield
Haissem Hassan,,Right Winger
Hans Hateboer,,Right-Back
Kai Havertz,,Centre-Forward
Eden Hazard,,Left Winger
Thorgan Hazard,,Left Winger
Rhys Healey,,Centre-Forward
Jan Paul van Hecke,,Centre-Back
Jonas Hector,,Left-Back
Hwang Hee-chan,,Centre-Forward
Gauthier Hein,,Right Winger
Dominique Heintz,,Centre-Back
Dean Henderson,,Goalkeeper
Jordan Henderson,,Central Midfield
Liam Henderson,,Central Midfield
Jack Hendry,,Centre-Back
Wayne Hennessey,,Goalkeeper
Benjamin Henrichs,,Right-Back
Henrique,,Left-Back
Luiz Henrique,,Attacking Midfield
Matheus Henrique,,Central Midfield
Rico Henry,,Left-Back
Thomas Henry,,Centre-Forward
Christophe Hérelle,,Centre-Back
Mario Hermoso,,Centre-Back
Javi Hernández,,Left-Back
Aridane Hernández,,Centre-Back
Lucas Hernández,,Centre-Back
Luis Hernández,,Centre-Back
Mario Hernández,,Right-Back
Theo Hernández,,Left-Back
Jorge Herrando,,Centre-Back
Ander Herrera,,Central Midfield
Sergio Herrera,,Goalkeeper
Yangel Herrera,,Central Midfield
Patrick Herrmann,,Right Winger
Son Heung-min,,Left Winger
Aaron Hickey,,Left-Back
Isak Hien,,Centre-Back
Omar El Hilali,,Right-Back
Piero Hincapié,,Centre-Back
Jack Hinshelwood,,"['Series([], Name: TmPos, dtype: object)']"
Morten Hjulmand,,Defensive Midfield
Adam Hložek,,Left Winger
Joseph Hodge,,Defensive Midfield
Nicolas Höfler,,Defensive Midfield
Jonas Hofmann,,Right Winger
Philipp Hofmann,,Centre-Forward
Rob Holding,,Centre-Back
Lucas Höler,,Centre-Forward
Mason Holgate,,Centre-Back
Emil Holm,,Right-Back
Noah Holm,,Centre-Forward
Gerrit Holtmann,,Left Winger
Martin Hongla,,Defensive Midfield
Franck Honorat,,Right Winger
Jannes Horn,,Left-Back
Cédric Hountondji,,Centre-Back
Ilyes Housni,,Centre-Forward
Lukáš Hrádecký,,Goalkeeper
Petko Hristov,,Centre-Back
Ajdin Hrustic,,Central Midfield
Timo Hübers,,Centre-Back
Callum Hudson-Odoi,,Right Winger
Will Hughes,,Central Midfield
Mats Hummels,,Centre-Back
Adrien Hunou,,Centre-Forward
Denis Huseinbasic,,Central Midfield
Omari Hutchinson,,Attacking Midfield
Elseid Hysaj,,Right-Back
Pierre Højbjerg,,Central Midfield
Rasmus Højlund,,Centre-Forward
Iago,,   Left-Back
Pablo Ibáñez,,Central Midfield
Roger Ibanez,,Centre-Back
Arijon Ibrahimović,,Attacking Midfield
Zlatan Ibrahimović,,Centre-Forward
Mounaim El Idrissy,,Centre-Forward
Antonio Iervolino,,"['Series([], Name: TmPos, dtype: object)']"
Iglesias,,Right-Back
Borja Iglesias,,Centre-Forward
Igor,,Centre-Back
Kelechi Iheanacho,,Centre-Forward
Jonathan Ikone,,Right Winger
Ivan Ilić,,Central Midfield
Rareş Ilie,,Left Winger
Samuel Iling-Junior,,Left Winger
Emirhan İlkhan,,Central Midfield
Asier Illarramendi,,Defensive Midfield
Ciro Immobile,,Centre-Forward
Danny Ings,,Centre-Forward
Marcus Ingvartsen,,Centre-Forward
Bonke Innocent,,Defensive Midfield
Alexander Isak,,Centre-Forward
Isco,,Attacking Midfield
Ismaily,,Left-Back
Ardian Ismajli,,Centre-Back
Ko Itakura,,Centre-Back
Hiroki Ito,,Centre-Back
Junya Ito,,Right Winger
Diego Iturralde,,"['Series([], Name: TmPos, dtype: object)']"
Andreas Ivan,,Left Winger
Mihailo Ivanović,,"['Series([], Name: TmPos, dtype: object)']"
Daniel Iversen,,Goalkeeper
Alex Iwobi,,Left Winger
Armando Izzo,,Centre-Back
Nicolas Jackson,,Right Winger
Lee Jae-sung,,Attacking Midfield
Paul Jaeckel,,Centre-Back
Mato Jajalo,,Defensive Midfield
Kristijan Jakić,,Defensive Midfield
Ismail Jakobs,,Left-Back
Marin Jakoliš,,Left Winger
Daniel James,,Right Winger
Reece James,,Right-Back
Vitaly Janelt,,Defensive Midfield
Saidy Janko,,Right-Back
Pontus Jansson,,Centre-Back
Tony Jantschke,,Centre-Back
Adnan Januzaj,,Right Winger
Léo Jardim,,Left-Back
Luis Javier Suárez,,Centre-Forward
Dany Jean,,Left WingBack
Julian Jeanvier,,Centre-Back
Jefferson,,Central Midfield
Fredrik Jensen,,Attacking Midfield
Mathias Jensen,,Central Midfield
Moritz Jenz,,Centre-Back
Jesé,,Left Winger
Gabriel Jesus,,Centre-Forward
Juan Jesus,,Centre-Back
Raúl Jiménez,,Centre-Forward
Joaquín,,Right Winger
Joelinton,,Attacking Midfield
Þórir Jóhann Helgason,,Central Midfield
Ben Johnson,,Right-Back
Brennan Johnson,,Second Striker
Sam Johnstone,,Goalkeeper
Paul Joly,,Right-Back
Curtis Jones,,Central Midfield
Frenkie de Jong,,Central Midfield
Joan Jordán,,Central Midfield
Jorginho,,Defensive Midfield
Josan,,Right Winger
Willian José,,Centre-Forward
Joselu,,Centre-Forward
Mateo Joseph,,Centre-Forward
Diogo Jota,,Left Winger
Stevan Jovetić,,Centre-Forward
Luka Jović,,Centre-Forward
Juanmi,,Left Winger
Juanpe,,Centre-Back
Jubal,,Centre-Back
Christopher Jullien,,Centre-Back
Anthony Jung,,Left-Back
Eli Junior Kroupi,,"['Series([], Name: TmPos, dtype: object)']"
Lago Junior,,Left Winger
Hamed Junior Traorè,,Attacking Midfield
Vinicius Júnior,,Left Winger
Josip Juranović,,Right-Back
James Justin,,Right-Back
Filip Jørgensen,,Goalkeeper
Mathias Jørgensen,, Centre-Back
Ozan Kabak,,Centre-Back
Issa Kaboré,,Right-Back
Abdoul Kader Bamba,,Right Winger
Pavel Kadeřábek,,Right-Back
Tino Kadewere,,Centre-Forward
Kaiky,,Centre-Back
Florian Kainz,,Left Winger
Gaël Kakuta,,Attacking Midfield
Sasa Kalajdzic,,Centre-Forward
Arnaud Kalimuendo,,Centre-Forward
Yayah Kallon,,Second Striker
Gedeon Kalulu,,Right-Back
Pierre Kalulu,,Centre-Back
Justin-Noël Kalumba,,Right Winger
Daichi Kamada,,Attacking Midfield
Waren Kamanzi,,Right-Back
Bingourou Kamara,,Goalkeeper
Boubacar Kamara,,Defensive Midfield
Jakub Kamiński,,Left Winger
Marcin Kamiński,,Centre-Back
Kevin Kampl,,Central Midfield
Nordine Kandil,,Attacking Midfield
Harry Kane,,Centre-Forward
Lee Kang-in,,Centre-Forward
Wilfried Kanga,,Attacking Midfield
N'Golo Kanté,,Defensive Midfield
Kenan Karaman,,Centre-Forward
Yann Karamoh,,Right Winger
Atakan Karazor,,Defensive Midfield
Ayman Kari,,Central Midfield
Jon Karrikaburu,,Centre-Forward
Rick Karsdorp,,Right-Back
Denso Kasius,,Right-Back
Thomas Kastanaras,,Centre-Forward
Grigoris Kastanos,,Central Midfield
Silas Katompa,,Right Winger
Moise Kean,,Centre-Forward
Michael Keane,,Centre-Back
Neeskens Kebano,,Left Winger
Kévin Keben Biakolo,,Centre-Back
Thilo Kehrer,,Centre-Back
Check Keita,,Centre-Back
Naby Keïta,,Central Midfield
Yannik Keitel,,Defensive Midfield
Caoimhín Kelleher,,Goalkeeper
Lloyd Kelly,,Centre-Back
Marc-Oliver Kempf,,Centre-Back
Kenedy,,Left WingBack
Jonjoe Kenny,,Right-Back
Franck Kessié,,Central Midfield
Saîf-Eddine Khaoui,,Attacking Midfield
Wahbi Khazri,,Centre-Forward
Rani Khedira,,Defensive Midfield
Anthony Khelifa,,Centre-Back
Kiké,,Centre-Forward
Luca Kilian,,Centre-Back
Max Kilman,,Centre-Back
Joshua Kimmich,,Defensive Midfield
Presnel Kimpembe,,Centre-Back
Jakub Kiwior,,Centre-Back
Simon Kjær,,Centre-Back
Pascal Klemens,,"['Series([], Name: TmPos, dtype: object)']"
Mateusz Klich,,Central Midfield
Lukas Klostermann,,Centre-Back
Justin Kluivert,,Left Winger
Ansgar Knauff,,Right Winger
Robin Knoche,,Centre-Back
Gregor Kobel,,Goalkeeper
Robin Koch,,Centre-Back
Samuel Koeberlé,,"['Series([], Name: TmPos, dtype: object)']"
Rudy Kohon,,Centre-Back
Dominik Kohr,,Central Midfield
Koke,,Central Midfield
Sead Kolašinac,,Left-Back
Luca Koleosho,,Left Winger
Randal Kolo Muani,,Centre-Forward
Timothée Kolodziejczak,,Centre-Back
Cheick Konaté,,Centre-Back
Ibrahima Konaté,,Centre-Back
Geoffrey Kondogbia,,Defensive Midfield
Ibrahima Koné,,Centre-Forward
Kouadio Koné,,Central Midfield
Youssouf Koné,,Left-Back
Ezri Konsa,,Centre-Back
Teun Koopmeiners,,Defensive Midfield
Odilon Kossonou,,Centre-Back
Filip Kostić,,Left WingBack
Christian Kouamé,,Centre-Forward
Rominigue Kouamé,,Central Midfield
Tomáš Koubek,,Goalkeeper
Kalidou Koulibaly,,Centre-Back
Jules Koundé,,Right-Back
Boubakar Kouyaté,,Centre-Back
Cheikhou Kouyaté,,Centre-Back
Mateo Kovačić,,Central Midfield
Viktor Kovalenko,,Attacking Midfield
Soichiro Kozuki,,Right Winger
Emil Krafth,,Right-Back
Alex Král,,Defensive Midfield
Andrej Kramarić,,Centre-Forward
Christoph Kramer,,Defensive Midfield
Tom Krauß,,Central Midfield
Julian Kristoffersen,,Centre-Forward
Raimonds Krollis,,Centre-Forward
Toni Kroos,,Central Midfield
Rade Krunić,,Central Midfield
Max Kruse,,Second Striker
Lukas Kübler,,Right-Back
Takefusa Kubo,,Right Winger
Dejan Kulusevski,,Right Winger
Sael Kumbedi,,Right-Back
Marash Kumbulla,,Centre-Back
Pierre Kunde,,Central Midfield
Alou Kuol,,Centre-Forward
Layvin Kurzawa,,Left-Back
Khvicha Kvaratskhelia,,Left Winger
Grejohn Kyei,,Centre-Forward
Daniel Kyereh,,Attacking Midfield
Giorgos Kyriakopoulos,,Left-Back
César de la Hoz,,Central Midfield
Luca de la Torre,,Central Midfield
Rémy Labeau Lascary,,Centre-Forward
Gaëtan Laborde,,Centre-Forward
Alexandre Lacazette,,Centre-Forward
Qazim Laçi,,Central Midfield
Maxence Lacroix,,Centre-Back
Alban Lafont,,Goalkeeper
Aïssa Laïdouni,,Central Midfield
Konrad Laimer,,Central Midfield
Stefan Lainer,,Right-Back
Kenny Lala,,Right-Back
Adam Lallana,,Attacking Midfield
Vassilis Lambropoulos,,Centre-Back
Érik Lamela,,Right Winger
Mohamed Lamine Bayo,,Centre-Forward
Sam Lammers,,Centre-Forward
Tariq Lamptey,,Right-Back
Manuel Lanzini,,Attacking Midfield
Aymeric Laporte,,Centre-Back
Julien Laporte,,Centre-Back
Cyle Larin,,Centre-Forward
Juan Larios,,Left-Back
Yasser Larouci,,Left-Back
Jordan Larsson,,Right Winger
Kevin Lasagna,,Centre-Forward
Jamaal Lascelles,,Centre-Back
Juanmi Latasa,,Centre-Forward
Toni Lato,,Left-Back
Danny Latza,,Central Midfield
Armand Lauriente,,Right Winger
Roméo Lavia,,Defensive Midfield
Lázaro,,Left Winger
Valentino Lazaro,,Right-Back
Marko Lazetić,,Centre-Forward
Darko Lazović,,Left WingBack
Manuel Lazzari,,Right-Back
Théo Le Bris,,"['Series([], Name: TmPos, dtype: object)']"
Julien Le Cardinal,,Right-Back
Jérémy Le Douaron,,Centre-Forward
Enzo Le Fée,,Attacking Midfield
Vincent Le Goff,,Left-Back
Maxime Le Marchand,,Centre-Back
Robin Le Normand,,Centre-Back
Rafael Leão,,Left Winger
Paolo Lebas,,Central Midfield
Jean-Louis Leca,,Goalkeeper
Benjamin Lecomte,,Goalkeeper
Jeremías Ledesma,,Goalkeeper
Pierre Lees-Melou,,Central Midfield
Diogo Leite,,Centre-Back
Maxim Leitsch,,Centre-Back
Florian Lejeune,,Centre-Back
Iñigo Lekue,,Right-Back
Thomas Lemar,,Attacking Midfield
Félix Lemaréchal,,Central Midfield
Dexter Lembikisa,,Left-Back
Mario Lemina,,Defensive Midfield
Tim Lemperle,,Centre-Forward
Clément Lenglet,,Centre-Back
Bernd Leno,,Goalkeeper
Christopher Lenz,,Left-Back
Donovan Léon,,Goalkeeper
Sergio León,,Centre-Forward
Johann Lepenant,,Defensive Midfield
Mehdi Léris,,Right Winger
Jefferson Lerma,,Defensive Midfield
Benjamin Leroy,,Goalkeeper
Léo Leroy,,Central Midfield
Alexandre Letellier,,Goalkeeper
Ruan Levine,,Right Winger
Robert Lewandowski,,Centre-Forward
Jamie Leweling,,Second Striker
Jamal Lewis,,Left-Back
Rico Lewis,,Right-Back
Keane Lewis-Potter,,Left Winger
Dimitri Liénard,,Central Midfield
Philipp Lienhart,,Centre-Back
Matthijs de Ligt,,Centre-Back
Dimitris Limnios,,Left Winger
Victor Lindelöf,,Centre-Back
Jesper Lindstrøm,,Attacking Midfield
Karol Linetty,,Central Midfield
Jesse Lingard,,Attacking Midfield
Pol Lirola,,Right-Back
Mateusz Lis,,Goalkeeper
Marcin Listkowski,,Attacking Midfield
Valentino Livramento,,Right-Back
Dejan Ljubicic,,Defensive Midfield
Javier Llabrés,,Left Winger
Diego Llorente,,Centre-Back
Marcos Llorente,,Central Midfield
Hugo Lloris,,Goalkeeper
Giovani Lo Celso,,Central Midfield
Stanislav Lobotka,,Defensive Midfield
Manuel Locatelli,,Defensive Midfield
Luka Lochoshvili,,Centre-Back
Bradley Locko,,Left-Back
Renan Lodi,,Left-Back
Ruben Loftus-Cheek,,Central Midfield
Sean Longstaff,,Central Midfield
Ademola Lookman,,Left Winger
Anthony Lopes,,Goalkeeper
Rony Lopes,,Right Winger
David López,,Centre-Back
Diego López,,Goalkeeper
Diego López,,Left Winger
Maxime Lopez,,Defensive Midfield
Pau López,,Goalkeeper
Unai López,,Central Midfield
Dion Lopy,,Defensive Midfield
Anthony Losilla,,Defensive Midfield
Jordan Lotomba,,Right-Back
Matteo Lovato,,Centre-Back
Dejan Lovren,,Centre-Back
Sandi Lovrić,,Central Midfield
Jamal Lowe,,Right Winger
Anthony Lozano,,Centre-Forward
Hirving Lozano,,Right Winger
Pol Lozano,,Central Midfield
Jean Lucas,,Central Midfield
Jhon Lucumí,,Centre-Back
José Luis Gayà,,Left-Back
José Luis Morales,,Centre-Forward
José Luis Palomino,,Centre-Back
Douglas Luiz,,Defensive Midfield
Romelu Lukaku,,Centre-Forward
Castello Lukeba,,Centre-Back
Dodi Lukebakio,,Right Winger
Saša Lukić,,Central Midfield
Andriy Lunin,,Goalkeeper
Andrey Lunyov,,Goalkeeper
Sebastiano Luperto,,Centre-Back
Lyanco,,Centre-Back
Charalambos Lykogiannis,,Left-Back
Youssouf M'Changama,,Attacking Midfield
Awer Mabil,,Left Winger
Alexis Mac Allister,,Attacking Midfield
Deiver Machado,,Left-Back
Darwin Machís,,Left Winger
James Maddison,,Attacking Midfield
Noni Madueke,,Right Winger
Pablo Maffeo,,Right-Back
Lisandro Magallán,,Centre-Back
Soungoutou Magassa,,Defensive Midfield
Giulio Maggiore,,Central Midfield
Giangiacomo Magnani,,Centre-Back
Hugo Magnetti,,Central Midfield
Yohann Magnin,,Defensive Midfield
Harry Maguire,,Centre-Back
Jon Magunacelaya,,Attacking Midfield
Riyad Mahrez,,Right Winger
Arne Maier,,Central Midfield
Mike Maignan,,Goalkeeper
Linton Maina,,Right Winger
Kobbie Mainoo,,Central Midfield
Ainsley Maitland-Niles,,Right WingBack
Jordan Majchrzak,,Centre-Forward
Lovro Majer,,Attacking Midfield
Jean-Victor Makengo,,Central Midfield
Béni Makouana,,Centre-Forward
Nemanja Maksimović,,Central Midfield
Tyrell Malacia,,Left-Back
Lorenzo Malagrida,,Left WingBack
Daniel Maldini,,Attacking Midfield
Youssef Maleh,,Central Midfield
Donyell Malen,,Centre-Forward
Ruslan Malinovskyi,,Attacking Midfield
Hugo Mallo,,Right-Back
Mickael Malsa,,Defensive Midfield
Giorgi Mamardashvili,,Goalkeeper
Hianga Mananga Mbock,,Central Midfield
Gianluca Mancini,,Centre-Back
Steve Mandanda,,Goalkeeper
Reinildo Mandava,,Left-Back
Aïssa Mandi,,Centre-Back
Rolando Mandragora,,Defensive Midfield
Sadio Mané,,Left Winger
Orel Mangala,,Central Midfield
Thomas Mangani,,Central Midfield
Vito Mannone,,Goalkeeper
Javier Manquillo,,Right-Back
Myziane Maolida,,Left Winger
Faitout Maouassa,,Left-Back
Sekou Mara,,Centre-Forward
Marcão,,Centre-Back
Solly March,,Left WingBack
Agustín Marchesín,,Goalkeeper
Federico Marchetti,,Goalkeeper
Vincent Marchetti,,Defensive Midfield
Riccardo Marchizza,,Left-Back
Gian Marco Ferrari,,Centre-Back
Emiliano Marcondes,,Attacking Midfield
Óscar de Marcos,,Right-Back
Alberto Marí,,Centre-Forward
José Mari,,Defensive Midfield
Pablo Marí,,Centre-Back
José María Giménez,,Centre-Back
Mariano,,Centre-Forward
Pablo Marín,,Attacking Midfield
Răzvan Marin,,Central Midfield
Diego Mariño,,Goalkeeper
Guillermo Maripán,,Centre-Back
Marlon,,Centre-Back
Omar Marmoush,,Left Winger
Marquinhos,,Right Winger
Marquinhos,,   Centre-Back
Luca Marrone,,Centre-Back
Eric Martel,,Defensive Midfield
Roger Martí,,Centre-Forward
Anthony Martial,,Centre-Forward
Aarón Martín,,Left-Back
Ander Martin,,Right Winger
Andrés Martín,,Centre-Forward
Carlos Martín,,Centre-Forward
Iván Martín,,Attacking Midfield
Jonas Martin,,Defensive Midfield
Gabriel Martinelli,,Left Winger
Arnau Martinez,,Right-Back
Emiliano Martínez,,Goalkeeper
Iñigo Martínez,,Centre-Back
Lautaro Martínez,,Centre-Forward
Lisandro Martínez,,Centre-Back
Lucas Martínez Quarta,,Centre-Back
Roger Martínez,,  Centre-Forward
Gelson Martins,,Right Winger
Adam Marušić,,Right-Back
Omar Mascarell,,Defensive Midfield
Adam Masina,,Left-Back
Jordi Masip,,Goalkeeper
Erhan Mašović,,Centre-Back
Han-Noah Massengo,,Central Midfield
Yanis Massolin,,Central Midfield
Jaime Mata,,Centre-Forward
Pape Matar Sarr,,Defensive Midfield
Eliot Matazo,,Central Midfield
Jean-Philippe Mateta,,Centre-Forward
Nemanja Matić,,Defensive Midfield
Joël Matip,,Centre-Back
Henning Matriciani,,Right-Back
Chrislain Matsima,,Centre-Back
Jean Mattéo Bahoya,,Attacking Midfield
Azor Matusiwa,,Defensive Midfield
Neal Maupay,,Centre-Forward
Aïman Maurer,,attack
Stephy Mavididi,,Left Winger
Konstantinos Mavropanos,,Centre-Back
Christian Mawissa,,Centre-Back
Philipp Max,,Left-Back
Eric Maxim Choupo-Moting,,Centre-Forward
Luís Maximiano,,Goalkeeper
Keke Maximilian Topp,,Centre-Forward
Fernand Mayembo,,Centre-Back
Borja Mayoral,,Centre-Forward
Ibrahim Maza,,Centre-Forward
Derek Mazou-Sacko,,midfield
Noussair Mazraoui,,Right-Back
Pasquale Mazzocchi,,Right-Back
Kevin Mbabu,,Right-Back
Noah Mbamba,,"['Series([], Name: TmPos, dtype: object)']"
Kylian Mbappé,,Centre-Forward
Mamadou Mbaye,,Centre-Back
Chancel Mbemba,,Centre-Back
Bryan Mbeumo,,Right Winger
Jason Mbock,,Left Winger
Jean-Manuel Mbom,,Central Midfield
Nathanael Mbuku,,Left Winger
James McArthur,,Central Midfield
Alex McCarthy,,Goalkeeper
John McGinn,,Central Midfield
Scott McKenna,,Centre-Back
Weston McKennie,,Central Midfield
Dwight McNeil,,Left Winger
Scott McTominay,,Defensive Midfield
Gary Medel,,Centre-Back
Facundo Medina,,Centre-Back
Fernando Medrano,,Left-Back
Ben Mee,,Centre-Back
Bamo Meïté,,Defensive Midfield
Soualiho Meïté,,Central Midfield
Farid El Melali,,Right Winger
Gonzalo Melero,,Central Midfield
Birger Meling,,Left-Back
Memphis,,Centre-Forward
Houboulang Mendes,,Right-Back
Nuno Mendes,,Left-Back
Pedro Mendes,,   Centre-Back
Thiago Mendes,,Defensive Midfield
Brais Méndez,,Right Winger
Diego Méndez,,Defensive Midfield
Antoine Mendy,,Right-Back
Arial Mendy,,Left-Back
Batista Mendy,,Defensive Midfield
Edouard Mendy,,Goalkeeper
Ferland Mendy,,Left-Back
Nampalys Mendy,,Defensive Midfield
Gideon Mensah,,Left-Back
Chris Mepham,,Centre-Back
Jorge Meré,,Centre-Back
Alex Meret,,Goalkeeper
Mikel Merino,,Central Midfield
Quentin Merlin,,Left-Back
Yıldırım Mert Çetin,,Centre-Back
Roque Mesa,,Central Midfield
Illan Meslier,,Goalkeeper
Lionel Messi,,Right Winger
Junior Messias,,Right Winger
Amine Messoussa,,"['Series([], Name: TmPos, dtype: object)']"
Thomas Meunier,,Right-Back
Alexander Meyer,,Goalkeeper
Sven Michel,,Centre-Forward
Alex Mighten,,Left Winger
Tommaso Milanese,,Central Midfield
Nikola Milenković,,Centre-Back
Lewis Miley,,"['Series([], Name: TmPos, dtype: object)']"
Arkadiusz Milik,,Centre-Forward
Sergej Milinković-Savić,,Central Midfield
Vanja Milinković-Savić,,Goalkeeper
Éder Militão,,Centre-Back
Luka Milivojević,,Defensive Midfield
Luis Milla,,Central Midfield
Pere Milla,,Left Winger
Enzo Millot,,Central Midfield
James Milner,,Central Midfield
Marko Milovanović,,Centre-Forward
Kim Min-jae,,Centre-Back
Yerry Mina,,Centre-Back
Takumi Minamino,,Left Winger
Tyrone Mings,,Centre-Back
Óscar Mingueza,,Centre-Back
Rafa Mir,,Centre-Forward
Aleksei Miranchuk,,Attacking Midfield
Juan Miranda,,Left-Back
Antonio Mirante,,Goalkeeper
Fabio Miretti,,Central Midfield
Filippo Missori,,Right-Back
Tyrick Mitchell,,Left-Back
Kaoru Mitoma,,Left Winger
Aleksandar Mitrović,,Centre-Forward
Stefan Mitrović,,Centre-Back
Maximilian Mittelstädt,,Left-Back
Henrikh Mkhitaryan,,Attacking Midfield
Anthony Modeste,,Centre-Forward
Luka Modrić,,Central Midfield
Terem Moffi,,Centre-Forward
Mostafa Mohamed,,Centre-Forward
Tobias Mohr,,Left Winger
Johan Mojica,,Left-Back
Clinton Mola,,Defensive Midfield
Nahuel Molina,,Right-Back
Salvatore Molina,,Right WingBack
Florent Mollet,,Attacking Midfield
Jon Moncayola,,Central Midfield
Monchu,,Central Midfield
César Montes,,Centre-Back
Daniele Montevago,,Centre-Forward
Gonzalo Montiel,,Right-Back
Lorenzo Montipò,,Goalkeeper
Martín Montoya,,Right-Back
Kieffer Moore,,Centre-Forward
Andrew Moran,,Attacking Midfield
Álvaro Morata,,Centre-Forward
Jon Morcillo,,Left Winger
Alberto Moreno,,Left-Back
Álex Moreno,,Left-Back
Diego Moreno,,Defensive Midfield
Gerard Moreno,,Centre-Forward
Marlos Moreno,,Right Winger
Tete Morente,,Left Winger
Ilaix Moriba,,Central Midfield
Manu Morlanes,,Central Midfield
Nikola Moro,,Defensive Midfield
Loren Morón,,Centre-Forward
Cristhian Mosquera,,Centre-Back
Dany Mota,,Centre-Forward
Lebo Mothiba,,Centre-Forward
Youssoufa Moukoko,,Centre-Forward
Steve Mounié,,Centre-Forward
Mason Mount,,Attacking Midfield
Lucas Moura,,Right Winger
Bevic Moussiti-Oko,,Centre-Forward
João Moutinho,,Central Midfield
João Moutinho,,Left-Back
Samuel Moutoussamy,,Central Midfield
Divin Mubama,,Centre-Forward
Mykhailo Mudryk,,Left Winger
François Mughe,,"['Series([], Name: TmPos, dtype: object)']"
Nordi Mukiele,,Right-Back
Mert Müldür,,Right-Back
Florian Müller,,Goalkeeper
Thomas Müller,,Second Striker
Abdul Mumin,,Centre-Back
Marshall Munetsi,,Defensive Midfield
Iker Muniain,,Left Winger
Aihen Muñoz,,Left-Back
Álvaro Muñoz,,Centre-Forward
Iker Muñoz,,Central Midfield
Pablo Muñoz,,Second Striker
Luis Muriel,,Centre-Forward
Jeison Murillo,,Centre-Back
Vedat Muriqi,,Centre-Forward
Jacob Murphy,,Right Winger
Nicola Murru,,Left-Back
Yunus Musah,,Central Midfield
Jamal Musiala,,Attacking Midfield
Juan Musso,,Goalkeeper
Marlon Mustapha,,Centre-Forward
Yvon Mvogo,,Goalkeeper
Enock Mwepu,,Central Midfield
Francisco Mwepu,,"['Series([], Name: TmPos, dtype: object)']"
Vitaliy Mykolenko,,Left-Back
Joakim Mæhle,,Right-Back
Obite N'Dicka,,Centre-Back
Nathan N'Goumou,,Right Winger
Stanley N'Soki,,Centre-Back
Herculano Nabian,,Centre-Forward
Nacho,,Centre-Back
Nikolas Nartey,,Central Midfield
Juanjo Narváez,,Centre-Forward
Matija Nastasić,,Centre-Back
Roberto Navarro,,Attacking Midfield
Jesús Navas,,Right-Back
Keylor Navas,,Goalkeeper
Michel Ndary Adopo,,Central Midfield
Youssouf Ndayishimiye,,Centre-Back
Papa Ndiaga Yade,,Second Striker
Wilfred Ndidi,,Defensive Midfield
Tanguy Ndombele,,Central Midfield
Álvaro Negredo,,Centre-Forward
Reiss Nelson,,Right Winger
Ilija Nestorovski,,Centre-Forward
Neto,,Goalkeeper
Pedro Neto,,Left Winger
Luca Netz,,Left-Back
Manuel Neuer,,Goalkeeper
Florian Neuhaus,,Central Midfield
Rúben Neves,,Defensive Midfield
Neymar,,Left Winger
Jessic Ngankam,,Centre-Forward
Cyril Ngonge,,Right Winger
Moussa Niakhate,,Centre-Back
Ibrahima Niane,,Centre-Forward
M'Baye Niang,,Centre-Forward
Tanguy Nianzou,,Centre-Back
Rasmus Nicolaisen,,Centre-Back
Hans Nicolussi Caviglia,,Central Midfield
Florian Niederlechner,,Centre-Forward
Saúl Ñíguez,,Central Midfield
Dimitris Nikolaou,,Centre-Back
Fernando Niño,,Centre-Forward
Rasmus Nissen,,Right-Back
Justin Njinmah,,Right Winger
Eddie Nketiah,,Centre-Forward
Christopher Nkunku,,Second Striker
Felix Nmecha,,Attacking Midfield
Lukas Nmecha,,Centre-Forward
Arnaud Nordin,,Left Winger
Riad Nouri,,Right Winger
Hugo Novoa,,Right Winger
Samuel Ntanda,,"['Series([], Name: TmPos, dtype: object)']"
Randy Ntekja,,Attacking Midfield
Alexander Nübel,,Goalkeeper
Matheus Nunes,,Central Midfield
Darwin Núñez,,Centre-Forward
Unai Núñez,,Centre-Back
Bram Nuytinck,,Centre-Back
Ethan Nwaneri,,Attacking Midfield
Gerzino Nyamsi,,Centre-Back
Ørjan Nyland,,Goalkeeper
M'Bala Nzola,,Centre-Forward
Christian Nørgaard,,Defensive Midfield
Lewis O'Brien,,Central Midfield
Pedro Obiang,,Central Midfield
Jan Oblak,,Goalkeeper
Brian Ocampo,,Left Winger
Lucas Ocampos,,Left Winger
Guillermo Ochoa,,Goalkeeper
Wilson Odobert,,Left Winger
Álvaro Odriozola,,Right-Back
Tim Oermann,,Centre-Back
Odeluga Offiah,,Centre-Back
Angelo Ogbonna,,Centre-Back
Florent Ogier,,Centre-Back
Marios Oikonomou,,Centre-Back
David Okereke,,Centre-Forward
Caleb Okoli,,Centre-Back
Olasagasti,,Central Midfield
Lucas Olaza,,Left-Back
Finn Ole Becker,,Central Midfield
Mathias Olesen,,Central Midfield
Michael Olise,,Right Winger
Brian Oliván,,Left-Back
Lucas Oliveira Rosa,,Right-Back
Mathías Olivera,,Left-Back
Dani Olmo,,Attacking Midfield
Jan Olschowsky,,
Robin Olsen,,Goalkeeper
Warmed Omari,,Centre-Back
Jonas Omlin,,Goalkeeper
Ado Onaiwu,,Centre-Forward
Amadou Onana,,Defensive Midfield
André Onana,,Goalkeeper
Jean Onana,,Defensive Midfield
Karim Onisiwo,,Centre-Forward
Josh Onomah,,Central Midfield
Paul Onuachu,,Centre-Forward
Frank Onyeka,,Central Midfield
Loïs Openda,,Centre-Forward
Willi Orban,,Centre-Back
Ivan Ordets,,Centre-Back
Divock Origi,,Centre-Forward
Aimar Oroz,,Attacking Midfield
Mislav Oršić,,Left Winger
Riccardo Orsolini,,Right Winger
Stefan Ortega,,Goalkeeper
Pedro Ortiz,,Central Midfield
Jordi Osei-Tutu,,Right WingBack
Victor Osimhen,,Centre-Forward
Patrick Osterhage,,Central Midfield
Paulo Otávio,,Left-Back
Dango Ouattara,,Right Winger
Remi Oudin,,Right Winger
Zinédine Ould Khaled,,Defensive Midfield
Azzedine Ounahi,,Central Midfield
Adam Ounas,,Right Winger
Thomas Ouwejan,,Left-Back
Reece Oxford,,Centre-Back
Alex Oxlade-Chamberlain,,Central Midfield
Mikel Oyarzabal,,Left Winger
Salih Özcan,,Defensive Midfield
Cenk Özkacar,,Centre-Back
David Ozoh,,Defensive Midfield
Levin Öztunalı,,Central Midfield
Fernando Pacheco,,Goalkeeper
Jon Pacheco,,Centre-Back
Gonçalo Paciência,,Centre-Forward
Simone Pafundi,,Attacking Midfield
Exequiel Palacios,,Central Midfield
Helibelton Palacios,,Right-Back
Ante Palaversa,,Central Midfield
Isaac Palazón Camacho,,Right Winger
João Palhinha,,Defensive Midfield
Nicolas Pallois,,Centre-Back
Cole Palmer,,Attacking Midfield
Erik Palmer-Brown,,Centre-Back
Emerson Palmieri,,Left-Back
Miloš Pantović,,Attacking Midfield
Flavio Paoletti,,Defensive Midfield
Antonios Papadopoulos,,Defensive Midfield
Lucas Paquetá,,Attacking Midfield
Aitor Paredes,,Centre-Back
Kevin Paredes,,Left Winger
Leandro Paredes,,Defensive Midfield
Daniel Parejo,,Central Midfield
Fabiano Parisi,,Left-Back
Moises Parra Gutierrez,,Left Winger
Raúl Parra,,Right-Back
Thomas Partey,,Defensive Midfield
Marco Pašalić,,Right Midfield
Mario Pašalić,,Attacking Midfield
Pascu,,"['Series([], Name: TmPos, dtype: object)']"
Felix Passlack,,Right-Back
Javier Pastore,,Attacking Midfield
Patric,,Centre-Back
Rui Patrício,,Goalkeeper
Nathan Patterson,,Right-Back
Paulinho,,Central Midfield
Gabriel Paulista,,Centre-Back
Benjamin Pavard,,Right-Back
Jiří Pavlenka,,Goalkeeper
Dimitri Payet,,Attacking Midfield
Ben Pearson,,Central Midfield
Kristian Pedersen,,Left-Back
Mads Pedersen,,Left-Back
Alfonso Pedraza,,Left-Back
Pedri,,Central Midfield
Pedro,,Right Winger
Adrià Pedrosa,,Left-Back
Jordan Pefok,,Centre-Forward
Gianluca Pegolo,,Goalkeeper
Dženan Pejčinović,,"['Series([], Name: TmPos, dtype: object)']"
Peter Pekarík,,Right-Back
Pietro Pellegri,,Centre-Forward
Lorenzo Pellegrini,,Attacking Midfield
Luca Pellegrini,,Left-Back
Théo Pellenard,,Centre-Back
Facundo Pellistri,,Right Winger
Timothee Pembele,,Right-Back
Iñaki Peña,,Goalkeeper
Rubén Peña,,Right-Back
Patrick Pentz,,Goalkeeper
Nicolas Pépé,,Right Winger
Ricardo Pepi,,Centre-Forward
Pepín,,Central Midfield
Alberto Perea,,Left Winger
Juan Perea,,Centre-Forward
Andreas Pereira,,Attacking Midfield
Brayann Pereira,,Right-Back
Danilo Pereira,,Defensive Midfield
Mathias Pereira Lage,,Right Winger
Ricardo Pereira,,Right-Back
Roberto Pereyra,,Attacking Midfield
Ayoze Pérez,,Second Striker
Carles Pérez,,Right Winger
Francisco Perez,,Right Winger
Kike Pérez,,Central Midfield
Lucas Pérez,,Centre-Forward
Luis Pérez,,Right-Back
Nehuén Pérez,,Centre-Back
Simone Perilli,,Goalkeeper
Mattia Perin,,Goalkeeper
Samuele Perisan,,Goalkeeper
Ivan Perišić,,Left WingBack
Romain Perraud,,Left-Back
Gaëtan Perrin,,Right Winger
Lucas Perrin,,Centre-Back
Máximo Perrone,,Defensive Midfield
Matteo Pessina,,Attacking Midfield
Andrea Petagna,,Centre-Forward
Nils Petersen,,Centre-Forward
Lukas Petkov,,Right Winger
Cameron Peupion,,"['Series([], Name: TmPos, dtype: object)']"
Germán Pezzella,,Centre-Back
Giuseppe Pezzella,,Left-Back
Luca Pfeiffer,,Centre-Forward
Maximilian Philipp,,Second Striker
Kalvin Phillips,,Defensive Midfield
Nathaniel Phillips,,Centre-Back
Krzysztof Piątek,,Centre-Forward
Roberto Piccoli,,Centre-Forward
Charles Pickel,,Defensive Midfield
Jordan Pickford,,Goalkeeper
Amos Pieper,,Centre-Back
Ronaël Pierre-Gabriel,,Right-Back
Andrea Pinamonti,,Centre-Forward
Ethan Pinnock,,Centre-Back
Yeremi Pino,,Left Winger
Gerard Piqué,,Centre-Back
Lorenzo Pirola,,Centre-Back
Niccolò Pisilli,,Central Midfield
Marko Pjaca,,Left Winger
Óscar Plano,,Right Winger
Gonzalo Plata,,Right Winger
Marvin Plattenhardt,,Left-Back
Alassane Pléa,,Centre-Forward
Tommaso Pobega,,Central Midfield
Daniel Podence,,Right Winger
Paul Pogba,,Central Midfield
Joel Pohjanpalo,,Centre-Forward
Matteo Politano,,Right Winger
Sebastian Polter,,Centre-Forward
Ezequiel Ponce,,Centre-Forward
Julien Ponceau,,Attacking Midfield
Marin Pongračić,,Centre-Back
Nick Pope,,Goalkeeper
Łukasz Poręba,,Defensive Midfield
Jackson Porozo,,Centre-Back
Pedro Porro,,Right-Back
Francisco Portillo,,Right Winger
Portu,,Right Winger
Stefan Posch,,Centre-Back
Yussuf Poulsen,,Centre-Forward
José Pozo,,Attacking Midfield
Manuel Pozo,,Right Winger
Alejandro Pozo Pozo,,Right-Back
Dennis Praet,,Central Midfield
Abdón Prats,,Centre-Forward
Sanjin Prcić,,Central Midfield
Isaac Price,,Central Midfield
Grischa Prömel,,Central Midfield
Ivan Provedel,,Goalkeeper
Javi Puado,,Left Winger
Mehdi Puch Herrantz,,Defensive Midfield
Tymoteusz Puchacz,,Left-Back
Arnau Puigmal,,Central Midfield
Christian Pulisic,,Right Winger
Ignacio Pussetto,,Right Winger
Niklas Pyyhtiä,,Central Midfield
Fabio Quagliarella,,Centre-Forward
Giacomo Quagliata,,Left-Back
Eduardo Quaresma,,Centre-Back
Joshua Quarshie,,Centre-Back
Ghjuvanni Quilichini,,Goalkeeper
Domingos Quina,,Central Midfield
Rubén Quintanilla,,"['Series([], Name: TmPos, dtype: object)']"
Adrien Rabiot,,Central Midfield
Nemanja Radonjić,,Left Winger
Ivan Radovanović,,Defensive Midfield
Ionuț Radu,,Goalkeeper
Ștefan Radu,,Centre-Back
Antonio Raillo,,Centre-Back
Antonio Raimondo,,Centre-Forward
Predrag Rajković,,Goalkeeper
Ivan Rakitić,,Central Midfield
Diant Ramaj,,Goalkeeper
Largie Ramazani,,Left Winger
Simon Ramet,,Right-Back
Adil Rami,,Centre-Back
Chris Ramos,,Centre-Forward
Sergio Ramos,,Centre-Back
Aaron Ramsdale,,Goalkeeper
Aaron Ramsey,,Central Midfield
Jacob Ramsey,,Central Midfield
Luca Ranieri,,Left-Back
Andrea Ranocchia,,Centre-Back
Filippo Ranocchia,,Central Midfield
Lilian Raolisoa,,Right-Back
Raphinha,,Right Winger
Nicolai Rapp,,Central Midfield
Elba Rashani,,Left Winger
Marcus Rashford,,Left Winger
Giacomo Raspadori,,Second Striker
Rafael Ratão,,Left Winger
David Raum,,Left-Back
Nicola Ravaglia,,Goalkeeper
Rayan Raveloson,,Defensive Midfield
David Raya,,Goalkeeper
Tim Ream,,Centre-Back
Ante Rebić,,Left Winger
Arkadiusz Reca,,Left-Back
Nathan Redmond,,Left Winger
Harrison Reed,,Central Midfield
Sergio Reguilón,,Left-Back
Bobby Reid,,Attacking Midfield
Pepe Reina,,Goalkeeper
Jeff Reine-Adélaïde,,Attacking Midfield
Reinier,,Attacking Midfield
Rocco Reitz,,Central Midfield
Karim Rekik,,Centre-Back
Álex Remiro,,Goalkeeper
Panagiotis Retsos,,Centre-Back
Marco Reus,,Attacking Midfield
Alejandro Revuelta Montero,,Centre-Back
Elvis Rexhbeçaj,,Central Midfield
Gio Reyna,,Attacking Midfield
Chadi Riad,,Centre-Back
Nico Ribaudo,,Left Winger
Alexsandro Ribeiro,,Centre-Back
Franck Ribéry,,Left Winger
Samuele Ricci,,Defensive Midfield
Declan Rice,,Defensive Midfield
Chris Richards,,Centre-Back
Richarlison,,Centre-Forward
Marco Richter,,Right Winger
Diego Rico,,Left-Back
Jaïro Riedewald,,Defensive Midfield
Manuel Riemann,,Goalkeeper
Tomás Rincón,,Defensive Midfield
Rémy Riou,,Goalkeeper
Renaud Ripart,,Attacking Midfield
Rodrigo Riquelme,,Right Winger
Matt Ritchie,,Left-Back
Sergi Roberto,,Central Midfield
Lucas Robertone,,Central Midfield
Andrew Robertson,,Left-Back
Antonee Robinson,,Left-Back
Joel Robles,,Goalkeeper
Joel Roca,,Left Winger
Marc Roca,,Defensive Midfield
Enzo Roco,,Centre-Back
Marek Rodák,,Goalkeeper
Sebastian Rode,,Central Midfield
Joe Rodon,,Centre-Back
Rodri,,Defensive Midfield
Rodri,,Attacking Midfield
Rodrigo,,Centre-Forward
Ángel Rodríguez,,Centre-Forward
Óscar Rodríguez Arnaiz,,Attacking Midfield
Dani Rodríguez,,Attacking Midfield
Guido Rodríguez,,Defensive Midfield
Miguel Rodríguez,,Right Winger
Pablo Rodríguez,,Second Striker
Ricardo Rodríguez,,Centre-Back
Rodrygo,,Right Winger
Mads Roerslev,,Right-Back
Agustín Rogel,,Centre-Back
Rogério,,   Left-Back
Merlin Röhl,,Central Midfield
Tony Rölke,,"['Series([], Name: TmPos, dtype: object)']"
Filippo Romagna,,Centre-Back
Alessio Romagnoli,,Centre-Back
Simone Romagnoli,,Centre-Back
Leonardo Román,,Goalkeeper
Cristian Romero,,Centre-Back
Iván Romero,,Centre-Forward
Luka Romero,,Right Winger
Oriol Romeu,,Defensive Midfield
Cristiano Ronaldo,,Centre-Forward
Connor Ronan,,Central Midfield
Salomón Rondón,,Centre-Forward
Valentin Rongier,,Central Midfield
Marten de Roon,,Defensive Midfield
Pablo Rosario,,Defensive Midfield
Francesco Rossi,,Goalkeeper
Tom Rothe,,Left-Back
Joe Rothwell,,Central Midfield
Anthony Rouault,,Centre-Back
Jérôme Roussillon,,Left-Back
Nicolò Rovella,,Defensive Midfield
Amir Rrahmani,,Centre-Back
Ruan,, Centre-Back
Rubén,,Goalkeeper
Antonio Rüdiger,,Centre-Back
Sebastian Rudy,,Defensive Midfield
Daniele Rugani,,Centre-Back
Matteo Ruggeri,,Left-Back
Mário Rui,,Left-Back
Aitor Ruibal,,Right Winger
Kays Ruiz,,Central Midfield
Fabián Ruiz Peña,,Central Midfield
Víctor Ruiz,,Centre-Back
Gerónimo Rulli,,Goalkeeper
Alessandro Russo,,Goalkeeper
Franco Russo,,Centre-Back
Georginio Rutter,,Centre-Forward
Julian Ryerson,,Right-Back
Frederik Rønnow,,Centre-Back
José Sá,,Goalkeeper
Youssouf Sabaly,,Right-Back
Halid Šabanović,,Right-Back
Abdelhamid Sabiri,,Attacking Midfield
Marcel Sabitzer,,Central Midfield
Falaye Sacko,,Right-Back
Umar Sadiq,,Centre-Forward
Alexis Saelemaekers,,Right Winger
Wesley Saïd,,Left Winger
Allan Saint-Maximin,,Left Winger
Théo Sainte-Luce,,Left-Back
Samuel Sáiz,,Left Winger
Bukayo Saka,,Right Winger
Hamza Sakhi,,Attacking Midfield
Mamadou Sakho,,Centre-Back
Jacopo Sala,,Central Midfield
Ibrahim Salah,,Left Winger
Mohamed Salah,,Right Winger
Amine Salama,,Centre-Forward
Kike Salas,,Centre-Back
William Saliba,,Centre-Back
Dikeni Salifou,,Defensive Midfield
Mohammed Salisu,,Centre-Back
Roland Sallai,,Right Winger
Yoann Salmier,,Centre-Back
Salvi,,Right Winger
Lazar Samardzic,,Attacking Midfield
Diadie Samassékou,,Defensive Midfield
Mama Samba Baldé,,Right Winger
Brice Samba,,Goalkeeper
Albert Sambi Lokonga,,Central Midfield
Junior Sambia,,Right-Back
Samuel,,Defensive Midfield
Fede San Emeterio,,Central Midfield
Antonio Sanabria,,Centre-Forward
Leandro Sanca,,Right Winger
Oihan Sancet,,Second Striker
Renato Sanches,,Central Midfield
Alexis Sánchez,,Left Winger
Antonio Sánchez,,Central Midfield
Davinson Sánchez,,Centre-Back
Iván Sánchez,,Right Winger
Javi Sánchez,,Centre-Back
Manu Sánchez,,Left-Back
Robert Sánchez,,Goalkeeper
Jadon Sancho,,Left Winger
Alex Sandro,,Left-Back
Leroy Sané,,Left Winger
Sidi Sané,,Right Winger
Morgan Sanson,,Central Midfield
Nicola Sansone,,Left Winger
Baptiste Santamaria,,Central Midfield
Riccardo Saponara,,Attacking Midfield
Pablo Sarabia,,Right Winger
Jeremy Sarmiento,,Attacking Midfield
Amin Sarr,,Centre-Forward
Bouna Sarr,,Right-Back
Malang Sarr,,Centre-Back
Mamadou Sarr,,"['Series([], Name: TmPos, dtype: object)']"
Mouhamadou Sarr,,Goalkeeper
Martin Satriano,,Centre-Forward
Téji Savanier,,Central Midfield
Esteban Saveljich,,Centre-Back
Stefan Savić,,Centre-Back
Joe Scally,,Right-Back
Giorgio Scalvini,,Centre-Back
Gianluca Scamacca,,Centre-Forward
Gustavo Scarpa,,Attacking Midfield
Kevin Schade,,Right Winger
András Schäfer,,Central Midfield
Fabian Schär,,Centre-Back
Derry Scherhant,,Centre-Forward
Patrik Schick,,Centre-Forward
Kingsley Schindler,,Right Winger
Xaver Schlager,,Central Midfield
Keven Schlotterbeck,,Centre-Back
Nico Schlotterbeck,,Centre-Back
Jeffrey Schlupp,,Left Winger
Kasper Schmeichel,,Goalkeeper
Jonathan Schmid,,Right-Back
Romano Schmid,,Attacking Midfield
Kenneth Schmidt,,Centre-Back
Niklas Schmidt,,Attacking Midfield
Benno Schmitz,,Right-Back
Jerdy Schouten,,Defensive Midfield
Perr Schuurs,,Centre-Back
Marvin Schwäbe,,Goalkeeper
Alexander Schwolow,,Goalkeeper
Manuel Sebastián,,"['Series([], Name: TmPos, dtype: object)']"
Demba Seck,,Right Winger
Haris Seferović,,Centre-Forward
Telasco Segovia,,"['Series([], Name: TmPos, dtype: object)']"
Jacopo Segre,,Central Midfield
Paul Seguin,,Central Midfield
Alidu Seidu,,Centre-Back
Davie Selke,,Centre-Forward
Matz Sels,,Goalkeeper
Nélson Semedo,,Right-Back
Vivaldo Semedo,,Centre-Forward
Antoine Semenyo,,Centre-Forward
Marvin Senaya,,Right-Back
Marcos Senesi,,Centre-Back
Stefano Sensi,,Central Midfield
Jaime Seoane,,Central Midfield
Luigi Sepe,,Goalkeeper
Suat Serdar,,Central Midfield
Leonardo Sernicola,,Left-Back
Ryan Sessegnon,,Left WingBack
Stephan El Shaarawy,,Left Winger
Eniss Shabani,,"['Series([], Name: TmPos, dtype: object)']"
Luke Shaw,,Left-Back
Jonjo Shelvey,,Central Midfield
Eldor Shomurodov,,Centre-Forward
Kaj Sierhuis,,Centre-Forward
Vincent Sierro,,Central Midfield
Kiliann Sildillia,,Right-Back
André Silva,,Centre-Forward
Bernardo Silva,,Attacking Midfield
Caio Henrique Oliveira Silva,,Right Winger
David Silva,,Attacking Midfield
Rui Silva,,Goalkeeper
Thiago Silva,,Centre-Back
Marco Silvestri,,Goalkeeper
Abdallah Sima,,Right Winger
Mohamed Simakan,,Centre-Back
Giovanni Simeone,,Centre-Forward
Ellis Simms,,Centre-Forward
Simo,,Centre-Back
Moses Simon,,Left Winger
Unai Simón,,Goalkeeper
Lassine Sinayoko,,Centre-Forward
Wilfried Singo,,Right-Back
Luis Sinisterra,,Left Winger
Daley Sinkgraven,,Left-Back
Tobias Sippel,,Goalkeeper
Hugo Siquet,,Right-Back
Salvatore Sirigu,,Goalkeeper
Ibrahima Sissoko,,Defensive Midfield
Moussa Sissoko,,Central Midfield
Tim Skarke,,Right Winger
Ellyes Skhiri,,Defensive Midfield
Oliver Skipp,,Defensive Midfield
Leo Skiri Østigård,,Centre-Back
Łukasz Skorupski,,Goalkeeper
Robert Skov,,Right Winger
Milan Škriniar,,Centre-Back
Naatan Skyttä,,Attacking Midfield
Islam Slimani,,Centre-Forward
Chris Smalling,,Centre-Back
Adam Smith,,Right-Back
Emile Smith Rowe,,Attacking Midfield
Hrvoje Smolčić,,Centre-Back
Cédric Soares,,Right-Back
Danilo Soares,,Left-Back
Eduard Sobol,,Left-Back
Rubén Sobrino,,Centre-Forward
Alex Sola,,Right-Back
Dominic Solanke,,Centre-Forward
Augusto Solari,,Right Winger
Ola Solbakken,,Right Winger
Nikola Soldo,,Centre-Back
Carlos Soler,,Central Midfield
François-Joseph Sollacaro,,Goalkeeper
Manor Solomon,,Left Winger
Yann Sommer,,Goalkeeper
Brandon Soppy,,Right-Back
David Soria,,Goalkeeper
Roberto Soriano,,Attacking Midfield
Borna Sosa,,Left-Back
Joaquin Sosa,,Centre-Back
Hugo Sotelo,,Right Winger
Florian Sotoca,,Centre-Forward
Riccardo Sottil,,Left Winger
Tomáš Souček,,Defensive Midfield
Matìas Soulé,,Right Winger
Moussa Soumano,,Centre-Forward
Adama Soumaoro,,Centre-Back
Boubakary Soumaré,,Defensive Midfield
Arnaud Souquet,,Right-Back
Dyego Sousa,,Centre-Forward
Harry Souttar,,Centre-Back
Vinicius Souza,,Defensive Midfield
Djibril Sow,,Central Midfield
Çağlar Söyüncü,,Centre-Back
Kevin Spadanuda,,Left Winger
Djed Spence,,Right-Back
Stijn Spierings,,Defensive Midfield
Leonardo Spinazzola,,Left-Back
Marco Sportiello,,Goalkeeper
Jack Stacey,,Right-Back
Anton Stach,,Defensive Midfield
Kostas Stafylidis,,Left-Back
Jens Stage,,Central Midfield
Veit Stange,,Defensive Midfield
Josip Stanišić,,Right-Back
Junior Stanislas,,Left Winger
Jay Stansfield,,Centre-Forward
Niklas Stark,,Centre-Back
Jason Steele,,Goalkeeper
Calvin Stengs,,Right Winger
Pascal Stenzel,,Right-Back
Jack Stephens,,Centre-Back
Raheem Sterling,,Left Winger
Angelo Stiller,,Defensive Midfield
Lars Stindl,,Attacking Midfield
Kevin Stöger,,Attacking Midfield
Petar Stojanović,,Right-Back
John Stones,,Centre-Back
Jørgen Strand Larsen,,Centre-Forward
Tony Strata,,"['Series([], Name: TmPos, dtype: object)']"
Gabriel Strefezza,,Right Winger
Dávid Strelec,,Centre-Forward
Pascal Struijk,,Centre-Back
Cristhian Stuani,,Centre-Forward
Damián Suárez,,Right-Back
Denis Suárez,,Attacking Midfield
Mario Suárez,,Centre-Back
Gabriel Suazo,,Left-Back
Isaac Success,,Centre-Forward
Niklas Süle,,Centre-Back
Ibrahim Sulemana,,Defensive Midfield
Kamaldeen Sulemana,,Left Winger
Crysencio Summerville,,Right Winger
Ivan Šunjić,,Defensive Midfield
Sam Surridge,,Centre-Forward
Suso,,Right Winger
Yuito Suzuki,,Attacking Midfield
Mattias Svanberg,,Central Midfield
Mile Svilar,,Goalkeeper
Williot Swedberg,,Attacking Midfield
Issiaga Sylla,,Left-Back
Wojciech Szczęsny,,Goalkeeper
Dominik Szoboszlai,,Left Winger
Alexander Sørloth,,Centre-Forward
Nicolás Tagliafico,,Left-Back
Jonathan Tah,,Centre-Back
Benjamin Tahirovic,,Central Midfield
Waniss Taibi,,Attacking Midfield
Flavien Tait,,Central Midfield
Montassar Talbi,,Centre-Back
Thibault Tamas,,"['Series([], Name: TmPos, dtype: object)']"
Adrien Tameze,,Defensive Midfield
Japhet Tanganga,,Centre-Back
Renato Tapia,,Defensive Midfield
Edmond Tapsoba,,Centre-Back
Florian Tardieu,,Central Midfield
Matt Targett,,Left-Back
James Tarkowski,,Centre-Back
Ciprian Tătărușanu,,Goalkeeper
Niklas Tauer,,Defensive Midfield
Nuno Tavares,,Left-Back
Marcus Tavernier,,Left Winger
Enzo Tchato,,Centre-Back
Aurélien Tchouaméni,,Defensive Midfield
Mathys Tel,,Centre-Forward
Semir Telalovic,,Centre-Forward
Alex Telles,,Left-Back
Marc-André ter Stegen,,Goalkeeper
Simon Terodde,,Centre-Forward
Filippo Terracciano,,Central Midfield
Pietro Terracciano,,Goalkeeper
Ramón Terrats,,Defensive Midfield
Martin Terrier,,Left Winger
Aleksa Terzić,,Left-Back
Tetê,,Right Winger
Kenny Tete,,Right-Back
Florian Thauvin,,Right Winger
Arthur Theate,,Centre-Back
Malick Thiaw,,Centre-Back
Jan Thielmann,,Right Winger
Sada Thioub,,Right Winger
Luke Thomas,,   Left-Back
Adrien Thomasson,,Attacking Midfield
Morten Thorsby,,Central Midfield
Kristian Thorstvedt,,Attacking Midfield
Khéphren Thuram,,Central Midfield
Marcus Thuram,,Centre-Forward
Alexis Tibidi,,Centre-Forward
Youri Tielemans,,Central Midfield
Kieran Tierney,,Left-Back
Steffen Tigges,,Centre-Forward
Jean-Clair Todibo,,Centre-Back
Harry Toffolo,,Left-Back
Umut Tohumcu,,Central Midfield
Karl Toko Ekambi,,Left Winger
Corentin Tolisso,,Central Midfield
Jeremy Toljan,,Right-Back
Rafael Tolói,,Centre-Back
Raúl de Tomás,,Centre-Forward
Tiago Tomás,,Centre-Forward
Takehiro Tomiyasu,,Right-Back
James Tomkins,,Centre-Back
Fikayo Tomori,,Centre-Back
Sandro Tonali,,Defensive Midfield
Lorenzo Tonelli,,Centre-Back
Ivan Toney,,Centre-Forward
Pablo Torre,,Central Midfield
David Torres,,Centre-Back
Ferrán Torres,,Left Winger
Óliver Torres,,Central Midfield
Pau Torres,,Centre-Back
Roberto Torres,,Attacking Midfield
Lucas Torró,,Defensive Midfield
Nabil Touaizi,,Centre-Forward
Almamy Touré,,Centre-Back
Birama Touré,,Defensive Midfield
Mohamed Toure,,Centre-Forward
Souleymane Touré,,Centre-Back
Lucas Tousart,,Defensive Midfield
Yoann Touzghar,,Centre-Forward
Adama Traoré,,Right Winger
Bertrand Traoré,,Right Winger
Boubacar Traoré,,Central Midfield
Charles Traore,,Left-Back
Hamari Traoré,,Right-Back
Kevin Trapp,,Goalkeeper
Mark Travers,,Goalkeeper
Óscar Trejo,,Attacking Midfield
Manu Trigueros,,Central Midfield
Christopher Trimmel,,Right-Back
Théo Trinker,,"['Series([], Name: TmPos, dtype: object)']"
Kieran Trippier,,Right-Back
William Troost-Ekong,,Centre-Back
Leandro Trossard,,Left Winger
Adrien Truffert,,Left-Back
Frank Tsadjout,,Centre-Forward
Kostas Tsimikas,,Left-Back
Theocharis Tsingaras,,Central Midfield
Viktor Tsyhankov,,Right Winger
Alessandro Tuia,,Centre-Back
Martin Turk,,Goalkeeper
Beñat Turrientes,,Central Midfield
Tuta,,Centre-Back
Destiny Udogie,,Left-Back
Ike Ugbo,,Centre-Forward
Lesley Ugochukwu,,Defensive Midfield
Samir Ujkani,,Goalkeeper
Sven Ulreich,,Goalkeeper
Lauren Ulrich,,"['Series([], Name: TmPos, dtype: object)']"
Samuel Umtiti,,Centre-Back
Enes Ünal,,Centre-Forward
Deniz Undav,,Centre-Forward
Cengiz Ünder,,Right Winger
Dayot Upamecano,,Centre-Back
Filip Uremović,,Centre-Back
Oscar Ureña,,Right Winger
Jere Uronen,,Left-Back
Mark Uth,,Second Striker
Josha Vagnoman,,Right-Back
Diego Valencia,,Centre-Forward
Óscar Valentín,,Central Midfield
Emanuele Valeri,,Left-Back
Yan Valery,,Right-Back
Martin Valjent,,Centre-Back
Jesús Vallejo,,Centre-Back
Manu Vallejo,,Second Striker
Mattia Valoti,,Central Midfield
Federico Valverde,,Central Midfield
Virgil van Dijk,,Centre-Back
Vanderson,,Right-Back
Raphaël Varane,,Centre-Back
Jamie Vardy,,Centre-Forward
Ruben Vargas,,Left Winger
Johan Vásquez,,Centre-Back
Jesus Vazquez,,Left-Back
Kevin Vázquez,,Right-Back
Lucas Vázquez,,Right Winger
Matías Vecino,,Central Midfield
Gabriel Veiga,,Central Midfield
Renato Veiga,,Defensive Midfield
Miloš Veljković,,Centre-Back
Miguel Veloso,,Defensive Midfield
Joël Veltman,,Right-Back
Micky van de Ven,,Centre-Back
Unai Vencedor Paris,,Central Midfield
Lorenzo Venuti,,Right-Back
Daniele Verde,,Right Winger
Simone Verdi,,Attacking Midfield
Gonzalo Verdú,,Centre-Back
Jordan Veretout,,Central Midfield
Marco Verratti,,Central Midfield
Valerio Verre,,Attacking Midfield
Mikel Vesga,,Defensive Midfield
Guglielmo Vicario,,Goalkeeper
João Victor,,Centre-Back
Aleix Vidal,,Right-Back
Clément Vidal,,Centre-Back
Nacho Vidal,,Right-Back
Gabriel Vidovic,,Second Striker
Fabio Vieira,,Attacking Midfield
Ronaldo Vieira,,Central Midfield
Emanuel Vignato,,Right Winger
Samuele Vignato,,Attacking Midfield
Tonny Vilhena,,Central Midfield
Toni Villa,,Left Winger
Asier Villalibre,,Centre-Forward
Gonzalo Villar,,Central Midfield
Iván Villar,,Goalkeeper
Matías Viña,,Left-Back
Rúben Vinagre,,Left-Back
Carlos Vinícius,,Centre-Forward
Alan Virginius,,Left Winger
Mattia Viti,,Centre-Back
Vitinha,,Central Midfield
Daniel Vivian,,Centre-Back
Dušan Vlahović,,Centre-Forward
Nikola Vlašić,,Attacking Midfield
Joel Voelkerling Persson,,Centre-Forward
Kevin Vogt,,Centre-Back
Mërgim Vojvoda,,Right-Back
Kevin Volland,,Second Striker
Cristian Volpato,,Attacking Midfield
Lukáš Vorlický,,Left Winger
Aster Vranckx,,Central Midfield
Stefan de Vrij,,Centre-Back
Robert Wagner,,Central Midfield
Elye Wahi,,"['Series([], Name: TmPos, dtype: object)']"
Walace,,Defensive Midfield
Theo Walcott,,Right Winger
Luca Waldschmidt,,Second Striker
Kyle Walker,,Right-Back
Kyle Walker-Peters,,Right-Back
Sebastian Walukiewicz,,Centre-Back
Aaron Wan-Bissaka,,Right-Back
Paul Wanner,,Attacking Midfield
Danny Ward,,Goalkeeper
Joel Ward,,Right-Back
James Ward-Prowse,,Central Midfield
Ollie Watkins,,Centre-Forward
Timothy Weah,,Centre-Forward
Adam Webster,,Centre-Back
Wout Weghorst,,Centre-Forward
Julian Weigl,,Defensive Midfield
Nelson Weiper,,Centre-Forward
Mitchell Weiser,,Right-Back
Noah Weißhaupt,,Left Winger
Shon Weissman,,Centre-Forward
Danny Welbeck,,Centre-Forward
Marcel Wenig,,Central Midfield
Axel Werner,,Goalkeeper
Timo Werner,,Centre-Forward
Ben White,,Right-Back
Harvey White,,Defensive Midfield
Joseph Whitworth,,Goalkeeper
Silvan Widmer,,Right-Back
Mateusz Wieteska,,Centre-Back
Georginio Wijnaldum,,Central Midfield
Iñaki Williams,,Centre-Forward
Neco Williams,,Right-Back
Nico Williams,,Right Winger
Willian,,Left Winger
Joe Willock,,Central Midfield
Callum Wilson,,Centre-Forward
Harry Wilson,,Right Winger
Patrick Wimmer,,Right Winger
Jonas Wind,,Centre-Forward
Harry Winks,,Defensive Midfield
Frederik Winther,,Centre-Back
Florian Wirtz,,Attacking Midfield
Przemysław Wiśniewski,,Centre-Back
Yoane Wissa,,Left Winger
Axel Witsel,,Defensive Midfield
Maximilian Wöber,,Centre-Back
Hannes Wolf,,Attacking Midfield
Marius Wolf,,Right Winger
Jeong Woo-yeong,,Second Striker
Chris Wood,,Centre-Forward
Christopher Wooh,,Centre-Back
Joe Worrall,,Centre-Back
Xeka,,Central Midfield
Granit Xhaka,,Defensive Midfield
Lamine Yamal,,Right Winger
Jawad El Yamiq,,Centre-Back
Ryan Yates,,Central Midfield
Yusuf Yazıcı,,Attacking Midfield
Kelvin Yeboah,,Centre-Forward
Gerard Yepes,,Defensive Midfield
Darlin Yongwa,,Left-Back
Leny Yoro,,Centre-Back
Maya Yoshida,,Centre-Back
Ashley Young,,Left-Back
Mohamed Youssouf,,Right-Back
Illia Zabarnyi,,Centre-Back
Mattia Zaccagni,,Attacking Midfield
Dan-Axel Zagadou,,Centre-Back
Wilfried Zaha,,Left Winger
Warren Zaire-Emery,,Defensive Midfield
Denis Zakaria,,Defensive Midfield
Rodrigo Zalazar,,Attacking Midfield
Joseba Zaldúa,,Right-Back
Nicola Zalewski,,Left Winger
Andre-Frank Zambo Anguissa,,Defensive Midfield
Oliver Zandén,,Left-Back
Luca Zanimacchia,,Right Winger
Nicolò Zaniolo,,Attacking Midfield
Alessandro Zanoli,,Right-Back
Mattia Zanotti,,Right-Back
Duván Zapata,,Centre-Forward
Davide Zappacosta,,Right-Back
Oier Zarraga,,Central Midfield
Akim Zedadka,,Right-Back
Karim Zedadka,,Left-Back
Deyovaisio Zeefuik,,Right-Back
Marvin Zeegelaar,,Left-Back
Mehdi Zeffane,,Right-Back
Aaron Zehnter,,Left-Back
Jordan Zemura,,Left-Back
Arber Zeneli,,Left Winger
Robin Zentner,,Goalkeeper
Alessio Zerbin,,Left Winger
Michael Zetterer,,Goalkeeper
Nathan Zeze,,Centre-Back
Edon Zhegrova,,Right Winger
Piotr Zieliński,,Attacking Midfield
David Zima,,Centre-Back
Oleksandr Zinchenko,,Left-Back
Joshua Zirkzee,,Centre-Forward
Hakim Ziyech,,Attacking Midfield
Jeroen Zoet,,Goalkeeper
Simon Zoller,,Centre-Forward
Nadir Zortea,,Right WingBack
Tanguy Zoukrou,,"['Series([], Name: TmPos, dtype: object)']"
Kurt Zouma,,Centre-Back
Petar Zovko,,Goalkeeper
Igor Zubeldia,,Centre-Back
Martín Zubimendi,,Defensive Midfield
Szymon Żurkowski,,Central Midfield
Martin Ødegaard,,Attacking Midfield
Milan Đurić,,Centre-Forward
Filip Đuričić,,Attacking Midfield
Blanco,,Defensive Midfield
Hugo Guillamón,,Defensive Midfield
